UniqueID,Class,Order,Family,ScientificName,CommonName,Plate,Ref,MichiganSleepingBear,GreatSmokyMountains,Acadia,YellowstoneGrandTeton,Glacier,JoshuaTree,Zion,Saguaro,MichiganIsleRoyale,Everglades,NorthCascadesOlympic,Redwoods,Yosemite,FreshSaltWater,RiverStream,LakePond,Estuary,Ocean,Reef,PreferredBottomSubstrate,SizeMaximumInches,Habitat,Notes,DailyActivity,YearlyActivity,IUCN,Diet,Predators
F0001,Cephalospidomorphi,Petromyzontiformes,Petromyzontidae,Lampetra tridentata,Pacific Lamprey,42 487,38,,,,,,,,,,,UNKNOWN,COMMON,,Both,1,1,0,1,0,SILTY MUD TO SAND,30,Adults migrate to the open ocean. Juveniles in coastal marine waters or large inland freshwater streams. Larvae in pools and eddies over silty mud to sand bottoms.,"These lamprey adults leave the ocean and ascend streams in the late spring and early summer to spawn in shallow water over gravel nests. They die soon after spawning. The larvae live in the stream for five to six years before entering the ocean, where they become parasitic on various fish for one to two years. ",Nocturnal,Spring Summer Fall Winter,Least Concern,"Algae, detritus, salmonids, and whales.","Herons, gulls, seals, and sea lions."
F0002,Cephalospidomorphi,Petromyzontiformes,Petromyzontidae,Petromyzon marinus,Sea Lamprey,43 485 486,39,COMMON,,UNKNOWN,,,,,,UNKNOWN,,,,,Both,1,1,1,1,0,SILTY MUD TO SAND,33,"In oceans to depths of 3000ft or more, along coasts in estuaries and fresh water. Larvae in pools of creeks rivers or estuaries over silty mud to sand bottoms.","Sea lampreys thrive in systems where waterways lack obstructions (damsn or waterfallw), clean sand and gravel, sand beds free of pollutants with a large supply of organic matter, and large waterways with plentiful fish supply to serve as hosts. The larvae remain in freshwater or estuarine areas for four to five years before they transform into adults and enter the ocean. The introduced population in the Great Lakes is landlocked and completes its entire life cycle in inland waters.",Nocturnal,Spring Summer Fall Winter,Least Concern,"Algae, detritus, and fish.","Humans, trout, whitefish, chubs, burbot, walleye, and catfish."
F0003,Chondrichthyes,Chimaeriformes,Chimaeridae,Hydrolagus colliei,Spotted Ratfish,698,41,,,,,,,,,,,UNKNOWN,UNKNOWN,,Salt,0,0,1,1,0,SAND MUD ROCK,38,Close inshore from WA northward southward to depths of nearly 3000ft,"All chimaerids deposit their eggs, which are fertilized internaly, in elongate ridged brown cases. Care should be taken in handling them, as the venomous spines can cause a painful wound, and the clasping organs are quite sharp. Most commonly are found living near the sea floor in sandy, muddy, or rocky reef environments.",Nocturnal,Spring Fall,Least Concern,"Crabs, clams, shrimp, and sea stars.",Sharks and halibut.
F0004,Chondrichthyes,Hexanchiformes,Hexanchidae,Notorynchus cepedianus,Broadnose Sevengill Shark,720,43,,,,,,,,,,,COMMON,COMMON,,Salt,0,0,1,1,0,ANY,108,"Bays over soft bottoms and off open coasts to depths of 150ft. Benthic animals associated with continental shelves.  Smaller individuals prefer to inhavit shallow, coastal waters and are commin in shallow bays near shores and estuaries.",Can be quite abundant in coastal range.,Any,Spring Summer,Vulnerable,"Sharks, rays, chimearas, dolphins, seal, fish, and mammals.",Great white sharks and killer whales.
F0005,Chondrichthyes,Squaliformes,Squalidae,Squalus acanthias,Spiny Dogfish,704,45,,,COMMON,,,,,,,,ABUNDANT,ABUNDANT,,Salt,0,0,1,1,0,SOFT BOTTOM,60,Temperate coastal waters over soft bottoms to depths of 1200ft.,Can be abundant and may be considered a pest. Can form large schools of hundreds of sharks.,Diurnal,Spring Summer Fall,Endangered,"Bony fish, smaller shakrs, octopus, squid, crabs, and eggs.",Humans
F0006,Chondrichthyes,Squatiniformes,Squatinidae,Squatina californica,Pacific Angel Shark,305,46,,,,,,,,,,,UNKNOWN,UNKNOWN,,Salt,0,0,0,1,1,SAND OR MUD,60,"Neer reefs over sand or mud to depths of 600ft. Often found on continental shelf in littoral zones, in shallow bays, in sand channels, and in kelp forests.","Generally found in shallow waters. They partially bury themselves during the day, and actively hunt at night.",Nocturnal,Spring Summer,Near Threatened,"Bony fish, squid, and octopus.","Great white shakrs, broadnosed sevengill sharks, and humans."
F0007,Chondrichthyes,Orectolobiformes,Ginglymostomatidae,Ginglymostoma cirratum,Nurse Shark,703,48,,,,,,,,,,UNCOMMON,,,,Salt,0,0,0,1,1,SAND,168,"Inshore often on shallow sand flats in channels and around coral reefs. Adults are more wide-ranging, inhabiting deeper reefs, around bridges, rocky areas, and boulders.  Juveniles are more often found in crevices in shallow lagoons.","Sometimes seen resting, motionless on the bottom. ",Nocturnal,Spring Summer Fall,Vulnerable,"Small fish, sea urchins, and a variety of crustaceans.",Other sharks.
F0008,Chondrichthyes,Lamniformes,Lamnidae,Carcharodon carcharias,Great White Shark,717,53,,,UNKNOWN,,,,,,,,UNKNOWN,UNKNOWN,,Salt,0,0,0,1,0,,252,Surface of coastal waters mostly in warm- and cold-temperate latitudes.,"They are notorious for short, fas chaes and are sometimes seen breaking the surface of the water in impressive jumps.",Any,Spring Summer,Vulnerable,"Seals, dolphins, whale carcasses, and squid.",Humans.
F0009,Chondrichthyes,Carcharhiniformes,Triakidae,Triakis semifasciata,Leopard Shark,708,58,,,,,,,,,,,,UNKNOWN,,Salt,0,0,1,1,0,SAND OR MUD,60,Shallow bays over sand and mud to depths of 300ft. Temperate shallow bays and estuaries provide the ideal habitat. ,Travel in schools. They spend their days near the surface and the nights at greater depths. Harmless to humans. ,Any,Spring Summer,Least Concern,"Fish, eggs, crabs, shrimp, and clams.","White sharks, sevengill sharks, and humans."
F0010,Chondrichthyes,Carcharhiniformes,Carcharhinidae,Carcharhinus leucas,Bull Shark,716,59,,,,,,,,,,RARE,,,,Salt,1,0,1,1,0,,132,Inshore never far from land ascends large rivers for considerable distances.,"They occasionally occupy rivers. They can be found in ocean inlets where saltwater meets freshwater, and are the only shark species that can tolerate prolonged periods in freshwaters environments. Bull sharks will give birth in estuaries and the young will remain in the estuary until temperatures drop seasonally. Considered aggressive. ",Any,Spring Summer,Vulnerable,"Catfish, stingrays, fish, birds, and turtles.",Bull sharks and humans.
F0011,Chondrichthyes,Carcharhiniformes,Carcharhinidae,Carcharhinus limbatus,Blacktip Shark,712,60,,,,,,,,,,UNCOMMON,,,,Salt,0,0,1,1,0,MUD,96,"Commonly found close to shore, in estuaries as well as river mouths. They are also found in shallow muddy bays, mangrove swamps of high salinitiy, and lagoons.",Known to leap out of the water and spin before landing. Fast swimming sharks that often travel in schools. ,Nocturnal,Fall Winter,Vulnerable,"Fish, skaes, rays, squid, crabs, and lobsters.",Humans.
F0012,Chondrichthyes,Carcharhiniformes,Carcharhinidae,Carcharhinus plumbeus,Sandbar Shark,706,62,,,,,,,,,,RARE,,,,Salt,0,0,1,1,0,MUD SAND,96,"Inshore and over bottoms of shallow bays and estuaries. Commonly found over muddy or sandy bottoms in shallow coastal waters such as bays, estuaries, habrods, or the mouths of rivers.",Not a threat to humans. ,Nocturnal,Spring Summer,Endangered,"Small fish, mollusks, and crustaceans.",Humans and other sharks.
F0013,Chondrichthyes,Carcharhiniformes,Carcharhinidae,Galeocerdo cuvier,Tiger Shark,715,62,,,,,,,,,,RARE,,,,Salt,0,0,1,1,0,,216,Near surface of coastal and offshore waters. Have been documented in river estuaries and harbors.,Voracious and dangerous. Moves in an S shaped fashion. Solitary.,Nocturnal,Spring Winter,Near Threatened,"Mollusks, birds, snakes, crustaceans, turtles, and manatees.",Humans.
F0014,Chondrichthyes,Torpediniformes,Narcinidae,Narcine brasiliensis,Lesser Electric Ray,306,66,,,,,,,,,,UNKNOWN,,,,Salt,0,0,1,1,0,SAND OR MUD,18,"Over bottom in surf zone to depths of about 120 ft. Commonly found under sand or mud, in intertidal shallow waters.","Reported to deliver 37 volts, but it is unlikelty that the eletric organ is used as an offensive weapon.",Nocturnal,Spring Summer,Least Concern,"Worms, eels, small fish, and various crustaceans.",Sharks.
F0015,Chondrichthyes,Pristiformes,Pristidae,Pristis pectinata,Smalltooth Sawfish,702,68,,,,,,,,,,RARE,,,,Salt,1,0,1,1,0,SAND OR MUD,216,"Estuaries, lower parts of large rivers, and shallow coastal waters.",Sawfishes slash their saw-like snout from side to side among schooling fish in order to stun or kill them.,Any,Spring Summer,Critically Endangered,Fish and crustaceans.,Sharks and humans.
F0016,Chondrichthyes,Rajiformes,Rajidae,Raja binoculata,Big Skate,314,71,,,,,,,,,,,COMMON,UNCOMMON,,Salt,0,0,1,1,0,SOFT,96,"Over soft bottoms at depths of 10-360ft. Occurs in coastal bays, estuaries, and over the continental shelf, usually on sandy or muddy bottoms, but occasionaly on low strands of kelp.",,,,,,
F0017,Chondrichthyes,Myliobatiformes,Dasyatidae,Dasyatis americana,Southern Stingray,321 322,74,,,,,,,,,,UNCOMMON,,,,Salt,0,0,,1,0,,,Near shore and in bays,,,,,,
F0018,Chondrichthyes,Myliobatiformes,Dasyatidae,Dasyatis sabina,Atlantic Stingray,312,74,,,,,,,,,,UNCOMMON,,,,Salt,,0,1,1,0,SAND OR MUD,,Shallow usually inshore estuarine or fresh waters over sand or sandy mud often near sea-grass beds usually to depths of 8ft sometimes to 70ft,,,,,,
F0019,Chondrichthyes,Myliobatiformes,Myliobatidae,Aetobatus narinari,Spotted Eagle Ray,319,78,,,,,,,,,,UNKNOWN,,,,Salt,0,0,,1,0,,,Surface of coastal waters.,,,,,,
F0020,Chondrichthyes,Myliobatiformes,Mobulidae,Manta birostris,Atlantic Manta,317,80,,,,,,,,,,UNKNOWN,,,,Salt,0,0,,1,0,,,Primarily bottoms of shallow bays and over continental shelf.,,,,,,
F0021,Chondrichthyes,Myliobatiformes,Urotrygonidae,Urolophus halleri,round stingray,310,76,,,,,,,,,,,,UNKNOWN,,Salt,0,0,,1,0,SAND OR MUD,,Shallow bays and off coast over sand or mud to depths of 70ft,,,,,,
F0022,Actinopterygii,Acipenseriformes,Acipenseridae,Acipenser fulvescens,Lake Sturgeon,31,82,RARE,,,,,,,,UNKNOWN,,,,,Fresh,1,1,0,0,0,SAND GRAVEL OR ROCKS,,Rivers and lakes over clean sand gravel or rocks,,,,,,
F0023,Actinopterygii,Acipenseriformes,Acipenseridae,Acipenser medirostris,Green Sturgeon,,,,,,,,,,,,,,UNKNOWN,,Both,1,0,1,0,0,,,Found in estuaries lower reaches of large rivers and in salt or brackish water off river mouths. Probably spawns in fresh water. ,,,,,,
F0024,Actinopterygii,Acipenseriformes,Acipenseridae,Acipenser transmontanus,White Sturgeon,32 635,83,,,,,,,,,,,UNKNOWN /N,UNKNOWN,,Both,1,0,1,1,0,SOFT,,Oceans over soft bottoms deep pools of large rivers,,,,,,
F0025,Actinopterygii,Acipenseriformes,Polyodontidae,Polyodon spathula,Paddlefish,30,86,,,,,,,,,,,,,,Fresh,1,1,0,0,0,,,Backwaters bayous impoundments lake and pools of large rivers.,,,,,,
F0026,Actinopterygii,Lepisosteiformes,Lepisosteidae,Lepisosteus oculatus,Spotted Gar,28,87,UNKNOWN,,,,,,,,,,,,,Fresh,1,1,0,0,0,,,Clear pools with aquatic vegetation in streams swamps and lakes. ,,,,,,
F0027,Actinopterygii,Lepisosteiformes,Lepisosteidae,Lepisosteus osseus,Longnose Gar,27,88,UNCOMMON,UNKNOWN,,,,,,,,,,,,Fresh,1,1,0,0,0,,,Backwaters large creeks lakes and reservoirs. Young in or neat aquatic vegetation.,,,,,,
F0028,Actinopterygii,Lepisosteiformes,Lepisosteidae,Lepisosteus platyrhincus,Florida gar,,,,,,,,,,,,ABUNDANT,,,,Fresh,1,1,0,0,0,SAND OR MUD,,Medium to large lowland streams canals and lakes with muddy or sandy bottoms and must be near abundant underwater vegetation.,,,,,,
F0029,Actinopterygii,Amiiformes,Amiidae,Amia calva,Bowfin,46,89,UNKNOWN,,,,,,,,,,,,,Fresh,1,,0,0,0,,,Low-gradient sluggish streams swamps and oxbow lakes in quiet usually clear waters with vegetation.,,,,,,
F0030,Actinopterygii,Elopiformes,Megalopidae,Megalops atlanticus,Tarpon,643,93,,,,,,,,,,COMMON,,,,Both,0,0,,1,0,,,Primarily shallow coastal waters and estuaries. Young and sometimes adults enter fresh waters.,,,,,,
F0031,Actinopterygii,Anguilliformes,Anguillidae,Anguilla rostrata,American Eel,44 500,97,,,ABUNDANT,,,,,,,UNCOMMON,,,,Both,,0,1,1,0,,,Brackish or fresh waters migrates to sea to spawn.,,,,,,
F0032,Actinopterygii,Perciformes,Pholidae,Apodichthys fucorum,Rockweed Gunnel,,,,,,,,,,,,,,UNKNOWN,,Salt,0,0,1,1,0,,,Intertidal zones at depths of up to 9 metres. It commonly occurs in tide pools and inshore areas among masses of brown seaweed.,,,,,,
F0033,Actinopterygii,Perciformes,Pholidae,Pholis ornata,Saddleback Gunnel,,,,,,,,,,,,,,UNKNOWN,,Salt,0,0,1,1,0,,,Found at depths of 0 - 50 meters along the coast and in estuaries.,,,,,,
F0034,Actinopterygii,Perciformes,Pholidae,Apodichthys flavidus,Penpoint Gunnel,503,491,,,,,,,,,,,,UNKNOWN,,Salt,,0,1,1,0,,,Intertidal zone among rocks and shallow eelgrass beds.,,,,,,
F0035,Actinopterygii,Anguilliformes,Muraenidae,Gymnothorax moringa,Spotted Moray,492,100,,,,,,,,,,OCCASIONAL,,,,Salt,0,0,0,1,1,,,Shallow coral reefs and rocky coasts rarely to depths of 656ft,,,,,,
F0036,Actinopterygii,Clupeiformes,Engraulidae,Anchoa mitchilli,Bay Anchovy,184. 644,106,,,,,,,,,,ABUNDANT,,,,Salt,,0,1,1,0,,,Abundant in inshore waters particularly in shallow bays and estuaries frequently enters brackish water occasionally fresh water.,,,,,,
F0037,Actinopterygii,Clupeiformes,Engraulidae,Engraulis mordax,Northern Anchovy,646,107,,,,,,,,,,,,COMMON,,Salt,0,0,,1,0,,,Surface of coastal waters usually near shore occasionally to depths of 720ft,,,,,,
F0038,Actinopterygii,Clupeiformes,Engraulidae,Anchoa hepsetus,Striped Anchovy,645,106,,,,,,,,,,COMMON,,,,Salt,0,0,,1,0,,,Shallow coastal waters to depths of 210ft,,,,,,
F0039,Actinopterygii,Clupeiformes,Clupeidae,Alosa pseudoharengus,Alewife,159 651,109,COMMON,,COMMON,,,,,,UNKNOWN,,,,,Both,,0,1,1,0,,,Bays estuaries and fresh water.,,,,,,
F0040,Actinopterygii,Clupeiformes,Clupeidae,Alosa sapidissima,American Shad,162 680,110,,,,,,,,,,,,UNKNOWN,,Both,,0,1,1,0,,,Bays estuaries and fresh water.,,,,,,
F0041,Actinopterygii,Clupeiformes,Clupeidae,Dorosoma cepedianum,Gizzard Shad,164 678,112,UNKNOWN,UNCOMMON,,,,,,,,,,,,Fresh,1,1,1,0,0,,,Large rivers reservoirs lakes and estuaries. ,,,,,,
F0042,Actinopterygii,Clupeiformes,Clupeidae,Clupea pallasii,Pacific herring,160,111,,,,,,,,,,,,COMMON,,Salt,0,0,1,1,0,,,Inshore waters,,,,,,
F0043,Actinopterygii,Cypriniformes,Cyprinidae,Cyprinus carpio,Common Carp,156,122,COMMON,UNKNOWN,,,,,UNKNOWN,,,,,UNKNOWN,,Fresh,1,1,0,0,0,MUD OR SILT,,Streams lakes ponds sloughs  and reservoirs with clear to turbid waters and aquatic vegetation over mud or silt more common in warm waters.,,,,,,
F0044,Actinopterygii,Cypriniformes,Cyprinidae,Nocomis biguttatus,Hornyhead Chub,138,139,UNCOMMON,,,,,,,,,,,,,Fresh,1,0,0,0,0,GRAVEL,,Clear pools of creeks and small rivers with moderate current over gravel.,,,,,,
F0045,Actinopterygii,Cypriniformes,Cyprinidae,Nocomis micropogon,River Chub,140,141,UNKNOWN,COMMON,,,,,,,,,,,,Fresh,1,0,0,0,0,GRAVEL OR ROCKS,,Pools of medium to large creeks and rivers with clear waters and moderate to swift current over gravel or rocks.,,,,,,
F0046,Actinopterygii,Cypriniformes,Cyprinidae,Semotilus atromaculatus,Creek Chub,150,161,UNCOMMON,,UNCOMMON,,,,,,UNCOMMON,,,,,Fresh,1,1,0,0,0,SAND GRAVEL OR ROCKS,,Small clear to turbid streams and lakes over sand gravel or rocks.,,,,,,
F0047,Actinopterygii,Cypriniformes,Cyprinidae,Luxilus chrysocephalus,Striped Shiner,222,134,,RARE,,,,,,,,,,,,Fresh,1,0,0,0,0,SAND GRAVEL OR ROCKS,,Riffles and pools of clear creeks and small rivers with moderate current over sand gravel or rocks.,,,,,,
F0048,Actinopterygii,Cypriniformes,Cyprinidae,Luxilus cornutus,Common Shiner,217,135,COMMON,,UNCOMMON,,,,,,,,,,,Fresh,1,0,0,0,0,FIRM,,Riffles and pools of clear cool creeks and small rivers with moderate current over firm bottoms,,,,,,
F0049,Actinopterygii,Cypriniformes,Cyprinidae,Notemigonus crysoleucas,Golden Shiner,166,141,UNKNOWN,,ABUNDANT,,,,,,UNKNOWN,UNCOMMON,,UNKNOWN,,Fresh,1,1,0,0,0,MUD SAND OR ROCKS,,Clear quiet streams lakes ponds and swamps over mud sand or rocks,,,,,,
F0050,Actinopterygii,Cypriniformes,Cyprinidae,Pimephales notatus,Bluntnose Minnow,194,152,COMMON,UNKNOWN,,,,,,,UNCOMMON,,,,,Fresh,1,1,0,0,0,SAND GRAVEL OR ROCKS,,Clear to turbid pools of creeks small rivers and lakes over sand gravel or rocks,,,,,,
F0051,Actinopterygii,Cypriniformes,Cyprinidae,Pimephales promelas,Fathead Minnow,227,153,UNCOMMON,RARE,,,,,,,UNCOMMON,,,,,Fresh,1,1,0,0,0,SAND GRAVEL OR MUD,,Clear pools of creeks and shallow ponds and lakes over sand gravel or mud.,,,,,,
F0052,Actinopterygii,Cypriniformes,Cyprinidae,Mylocheilus caurinus,Peamouth,,,,,,,COMMON,,,,,,COMMON /UNKNOWN,RARE,,Fresh,1,1,0,0,0,,,Shallows weedy zones of lakes and rivers where it is most common among vegetation. If is usually found near the bed in depths of less than 60ft although in winter they will move to the deeper parts of lakes.,,,,,,
F0053,Actinopterygii,Cypriniformes,Leuciscidae,Couesius plumbeus,Lake Chub,211,117,RARE,,,UNCOMMON - N,,,,,UNCOMMON,,,,,Fresh,1,1,0,0,0,SAND OR GRAVEL,,Rivers creeks and lakes in clear to turbid waters over sand or gravel.,,,,,,
F0054,Actinopterygii,Cypriniformes,Leuciscidae,Cyprinella spiloptera,Spotfin Shiner,221,121,UNKNOWN,,,,,,,,,,,,,Fresh,1,0,0,0,0,SAND OR GRAVEL,,Clear to slightly turbid pools and channels of large creeks and rivers with moderate current over firm sand or gravel.,,,,,,
F0055,Actinopterygii,Cypriniformes,Leuciscidae,Hybognathus hankinsoni,Brassy Minnow,199,129,UNKNOWN,,,,,,,,UNKNOWN,,,,,Fresh,1,1,0,0,0,MUD OR SILT,,Cool sluggish streams and dark-stained waters of bogs and ponds with vegetation over silt or mud,,,,,,
F0056,Actinopterygii,Cypriniformes,Leuciscidae,Notropis leuciodus,Tennessee Shiner,,,,COMMON,,,,,,,,,,,,Fresh,1,0,0,0,0,GRAVEL,,Pools creeks and small to medium rivers. It prefers cool clear waters over gravelly substrates. ,,,,,,
F0057,Actinopterygii,Cypriniformes,Leuciscidae,Notropis rubricroceus,Saffron Shiner,,,,COMMON,,,,,,,,,,,,Fresh,1,0,0,0,0,ROCKY,,Cold clear rocky streams and creeks.,,,,,,
F0058,Actinopterygii,Cypriniformes,Leuciscidae,Notropis atherinoides,Emerald Shiner,204,142,RARE,,,,,,,,UNCOMMON,,,,,Fresh,1,1,0,0,0,,,Large streams lakes and reservoirs in open clear to slightly turbid waters.,,,,,,
F0059,Actinopterygii,Cypriniformes,Leuciscidae,Notropis hudsonius,Spottail Shiner,209,144,COMMON,,,,,,,,UNCOMMON,,,,,Fresh,1,1,0,0,0,SAND GRAVEL OR ROCKS,,Creeks and rivers with slow to moderately swift current over sand gravel or rocks lakes,,,,,,
F0060,Actinopterygii,Cypriniformes,Leuciscidae,Notropis maculatus,Taillight Shiner,205,145,,,,,,,,,,RARE,,,,Fresh,1,1,0,0,0,,,Clear to dark-stained backwaters and quiet areas of lowland rivers streams and lakes with some aquatic vegetation.,,,,,,
F0061,Actinopterygii,Cypriniformes,Leuciscidae,Notropis rubellus,Rosyface Shiner,215,146,UNCOMMON,,,,,,,,,,,,,Fresh,1,1,0,0,0,GRAVEL OR ROCKS,,Clear pools and riffles of large creeks to small rivers with moderate current over gravel or rocks.,,,,,,
F0062,Actinopterygii,Cypriniformes,Leuciscidae,Notropis volucellus,Mimic Shiner,208,147,UNKNOWN,,,,,,,,UNCOMMON,,,,,Fresh,1,1,0,0,0,SAND GRAVEL OR ROCKS,,Medium to large streams with clear to turbid waters and moderate current over sand gravel or rocks clear lakes.,,,,,,
F0063,Actinopterygii,Cypriniformes,Leuciscidae,Phoxinus eos,Northern Redbelly Dace,,,UNKNOWN,,COMMON,,,,,,UNCOMMON,,,,,Fresh,1,1,0,0,0,,,Cool quiet boggy streams and lakes. Water supplied by clear cool springs or seeps absence of strong currents effective cover like undercut banks and heavy brushy vegetation and minimal large piscivore fish populations.Small lake habitats also share these characteristics.,,,,,,
F0064,Actinopterygii,Cypriniformes,Leuciscidae,Rhinichthys atratulus,Blacknose Dace,180,158,UNKNOWN,COMMON,,,,,,,UNKNOWN,,,,,Fresh,1,1,0,0,0,GRAVEL OR ROCKS,,Springs and cool clear creeks with moderate to swift current over gravel or rocks.,,,,,,
F0065,Actinopterygii,Cypriniformes,Leuciscidae,Rhinichthys cataractae,Longnose Dace,181,158,COMMON,COMMON,,ABUNDANT - COMMON,COMMON,,,,UNKNOWN,,UNCOMMON /UNKNOWN,,,Fresh,1,1,0,0,0,GRAVEL OR ROCKS,,Clear to turbid streams usually in swift riffles over gravel or rocks lakes,,,,,,
F0066,Actinopterygii,Cypriniformes,Leuciscidae,Rhinichthys osculus,Speckled Dace,183,159,,,,COMMON,,,COMMON,,,,,UNKNOWN,,Fresh,1,1,0,0,0,GRAVEL OR ROCKS,,Cool to warm creeks rivers and lakes over gravel or rocks desert springs and their outflow.,,,,,,
F0067,Actinopterygii,Cypriniformes,Leuciscidae,Richardsonius balteatus,Redside Shiner,218,160,,,,ABUNDANT - COMMON,COMMON,,,,,,UNCOMMON /UNKNOWN,,,Fresh,1,1,0,0,0,,,Sluggish creeks rivers and ditches ponds and lakes in deep water or shallow weedy areas.,,,,,,
F0068,Actinopterygii,Cypriniformes,Leuciscidae,Gila atraria,Utah Chub,,,,,,ABUNDANT,,,,,,,,,,Fresh,1,1,0,0,0,,,Irrigation ditches to ponds to large rivers and lakes preferring areas with dense vegetation. It is also known from alkaline and salty springs found on desert floors. Most seem to frequent depths of a meter or less.,,,,,,
F0069,Actinopterygii,Cypriniformes,Leuciscidae,Ptychocheilus oregonensis,Northern Pikeminnow,,,,,,,COMMON,,,,,,COMMON /N,,,Fresh,1,1,0,0,0,,,Found in lakes pools and occasionally in runs of small to large rivers.,,,,,,
F0070,Actinopterygii,Cypriniformes,Leuciscidae,Notropis heterolepis,Blacknose Shiner,,,COMMON,,,,,,,,COMMON,,,,,Fresh,1,1,0,0,0,SAND,,Typically lives in cool weedy creeks small rivers and lakes over sand.,,,,,,
F0071,Actinopterygii,Cypriniformes,Catostomidae,Catostomus commersonii,Common Sucker,143,164,ABUNDANT,UNCOMMON,COMMON,,COMMON,,,,COMMON,,,,,Fresh,1,1,0,0,0,SAND GRAVEL OR ROCKS,,Cool clear streams and lakes over sand gravel or rocks.,,,,,,
F0072,Actinopterygii,Cypriniformes,Catostomidae,Catostomus catostomus,Longnose Sucker,,,COMMON,,,ABUNDANT - N,COMMON,,,,UNKNOWN,,UNCOMMON /OCCASIONAL,,,Fresh,1,1,0,0,0,,,Cold clear waters including lakes pools rivers and streams.,,,,,,
F0073,Actinopterygii,Cypriniformes,Catostomidae,Catostomus discobolus,Bluehead Sucker,,,,,,N - COMMON,,,,,,,,,,Fresh,1,,0,0,0,,,Prefer larger streams and rivers due to their large size but they can be found in a variety of habitats. This species has a wide temperature preference. If times are good and water is clear the suckers stay in shallow streams and eddies during the day finding their way to hard-bottomed streams to forage at night.,,,,,,
F0074,Actinopterygii,Cypriniformes,Catostomidae,Catostomus latipinnis,Flannelmouth Sucker,149,164,,,,,,,COMMON,,,,,,,Fresh,1,0,0,0,0,SAND COBBLE OR BOULDERS,,Pools and swift runs of large creeks to rivers over sand cobble or boulders.,,,,,,
F0075,Actinopterygii,Cypriniformes,Catostomidae,Hypentelium nigricans,Northern Hogsucker,148,166,,COMMON,,,,,,,,,,,,Fresh,1,0,0,0,0,GRAVEL OR ROCKS,,Riffles and pools below riffles of shallow clear streams with moderate to swift current over gravel or rocks.,,,,,,
F0076,Actinopterygii,Cypriniformes,Catostomidae,Minytrema melanops,Spotted Sucker,144,167,UNKNOWN,,,,,,,,,,,,,Fresh,1,1,0,0,0,FRIM,,Deep clear pools of lowland streams over firm bottoms overflow ponds sloughs lakes and reservoirs.,,,,,,
F0077,Actinopterygii,Cypriniformes,Catostomidae,Moxostoma duguesnei,Black Redhorse,,,,COMMON,,,,,,,,,,,,Fresh,1,0,0,0,0,ROCK OR GRAVEL,,Prefers small to medium sized high-gradient streams with permanent flow and a bottom of clean rock or grave.,,,,,,
F0078,Actinopterygii,Cypriniformes,Catostomidae,Moxostoma carinatum,River Redhorse,155,169,UNKNOWN,RARE,,,,,,,,,,,,Fresh,1,0,0,0,0,GRAVEL OR ROCKS,,Clear waters of large creeks and rivers with moderate to swift current over gravel or rocks,,,,,,
F0079,Actinopterygii,Cypriniformes,Catostomidae,Moxostoma macrolepidotum,Shorthead Redhorse,,,UNKNOWN,,,,,,,,UNKNOWN,,,,,Fresh,1,1,0,0,0,,,Inhabits rocky pools runs and riffles in small to large rivers. Also occur in lakes.,,,,,,
F0080,Actinopterygii,Cypriniformes,Catostomidae,Moxostoma anisurum,Silver Redhorse,154,168,UNKNOWN,,,,,,,,,,,,,Fresh,1,0,0,0,0,SOFT MUD TO ROCK ,,Pools or slow current of large creeks to rivers over soft mud to rock bottoms,,,,,,
F0081,Actinopterygii,Cypriniformes,Catostomidae,Carpiodes cyprinus,Quillback,157,163,UNKNOWN,,,,,,,,,,,,,Fresh,1,1,0,0,0,SOFT OR FIRM,,Large creeks rivers and lakes with clear to turbid waters over soft or firm bottoms.,,,,,,
F0082,Actinopterygii,Cypriniformes,Catostomidae,Catostomus ardens,Utah Sucker,,,,,,COMMON - ABUNDANT,,,,,,,,,,Fresh,1,1,0,0,0,SILT SAND GRAVEL ROCK,,Lakes rivers and streams in warm or cold water and over substrates of silt sand gravel or rocks preferably in the vicinity of vegetation.,,,,,,
F0083,Actinopterygii,Cypriniformes,Catostomidae,Catostomus platyrhynchus,Mountain Sucker,,,,,,ABUNDANT - COMMON,,,,,,,,,,Fresh,1,0,0,0,0,ROCK OR GRAVEL,,Favors clear water streams with a moderate gradient and rocky or gravelly bottoms. They often live in cool mountain streams. They can be found in pools or eddies behind or under rocks and logs.,,,,,,
F0084,Actinopterygii,Cypriniformes,Catostomidae,Catostomus macrocheilus,Largescale Sucker,,,,,,,COMMON,,,,,,UNCOMMON /UNKNOWN,,,Fresh,1,1,0,0,0,,,Slower-moving portions of rivers and streams and in lakes.,,,,,,
F0085,Actinopterygii,Cypriniformes,Catostomidae,Catostomus occidentalis,Sacramento Sucker,,,,,,,,,,,,,,COMMON,ABUNDANT,Both,1,1,1,0,0,,,A diverse range of habitats from headwater streams to deep lakes to estuaries.,,,,,,
F0086,Actinopterygii,Cypriniformes,Catostomidae,Catostomus clarkii,Desert Sucker,,,,,,,,,COMMON,,,,,,,Fresh,1,0,0,0,0,GRAVEL,,Prefer rippled water rapids and flowing streams with gravelly bottoms.,,,,,,
F0087,Actinopterygii,Cypriniformes,Catostomidae,Erimyzon sucetta,Chubsucker,,,,,,,,,,,,COMMON,,,,Fresh,0,1,0,0,0,,,Clear still water with low turbidity. Warmer waters. Wetlands ponds and floodplain lakes are areas where the chubsucker is typically found,,,,,,
F0088,Actinopterygii,Siluriformes,Ictaluridae,Ameiurus melas,Black Bullhead,57,175,UNKNOWN,UNKNOWN,,,,,,,,,,UNKNOWN,,Fresh,1,1,0,0,0,,,Low-gradient sections of streams backwaters lakes and reservoirs.,,,,,,
F0089,Actinopterygii,Siluriformes,Ictaluridae,Ameiurus natalis,Yellow Bullhead,59,176,COMMON,RARE,,,,,,,,COMMON,,UNKNOWN,,Fresh,1,1,0,0,0,,,Pools backwaters and sometimes slow riffles of sluggish streams ponds and lakes usually with heavy vegetation.,,,,,,
F0090,Actinopterygii,Siluriformes,Ictaluridae,Ameiurus nebulosus,Brown Bullhead,58,176,COMMON,,UNCOMMON,,,,,,,OCCASIONAL,,UNKNOWN,,Fresh,1,1,0,0,0,,,Clear deep pools with submerged vegetation.,,,,,,
F0091,Actinopterygii,Siluriformes,Ictaluridae,Noturus baileyi,Smoky Madtom,,,,RARE,,,,,,,,,,,,Fresh,1,0,0,0,0,,,Prefers areas of transition between pools and riffles and spawns in the summer under large flat rocks. ,,,,,,
F0092,Actinopterygii,Siluriformes,Ariidae,Ariopsis felis,Hardhead Catfish,64 583,185,,,,,,,,,,COMMON,,,,Both,1,0,1,1,0,SAND OR MUD,,Shallow coastal waters over sand or mud occasionally in fresh water but never far up rivers.,,,,,,
F0093,Actinopterygii,Siluriformes,Ariidae,Bagre marinus,Gafftopsail Catfish,582,186,,,,,,,,,,COMMON,,,,Salt,,0,1,1,0,,,Shallow coastal waters and bays estuaries.,,,,,,
F0094,Actinopterygii,Esociformes,Esocidae,Esox americanus,Redfin Pickerel,37,188,,,,,,,,,,OCCASIONAL,,,,Fresh,1,1,0,0,0,,,Slow to standing waters of creeks and rivers ponds lakes and swamps with vegetation.,,,,,,
F0095,Actinopterygii,Esociformes,Esocidae,Esox lucius,Northern Pike,38,189,COMMON,,,,RARE,,,,COMMON,,,,,Fresh,1,1,0,0,0,,,Large slow-moving streams lakes and reservoirs with abundant aquatic vegetation.,,,,,,
F0096,Actinopterygii,Esociformes,Esocidae,Esox masquinongy,Muskellunge,35,189,UNKNOWN,,,,,,,,UNKNOWN,,,,,Fresh,1,1,0,0,0,,,Lakes and reservoirs with thick vegetation slow-moving streams and rivers with abundant plant cover.,,,,,,
F0097,Actinopterygii,Esociformes,Esocidae,Esox niger,Chain Pickerel,36,190,,,COMMON,,,,,,,RARE,,,,Fresh,1,1,0,0,0,,,Clean clear lakes ponds swamps reservoirs and pools of streams with vegetation.,,,,,,
F0098,Actinopterygii,Esociformes,Umbridae,Umbra limi,Central Mudminnow,246,192,COMMON,,,,,,,,,,,,,Fresh,1,1,0,0,0,,,Cool ponds bogs swamps and pools of slow-moving streams with abundant vegetation.,,,,,,
F0099,Actinopterygii,Salmoniformes,Salmonidae,Coregonus clupeaformis,Lake Whitefish,71,196,COMMON,,,,COMMON,,,,COMMON,,,,,Fresh,1,1,0,0,0,,,Large rivers and lakes.,,,,,,
F0100,Actinopterygii,Salmoniformes,Salmonidae,Oncorhynchus clarki bouvieri,Cutthroat Trout,75 545,197,,,,ABUNDANT,COMMON,,,,,,UNKNOWN /COMMON,COMMON,,Fresh,1,1,1,1,0,,,Inshore and estuarine waters lakes coastal inland and alpine streams,,,,,,
F0101,Actinopterygii,Salmoniformes,Salmonidae,Oncorhynchus clarkii lewisi,Westslope Cutthroat Trout,,,,,,RARE - N,COMMON,,,,,,,,,Fresh,1,1,0,0,0,,,Medium to large rivers but migrate to tributaries for spawning. Most adults return to the river or lake after spawning.,,,,,,
F0102,Actinopterygii,Salmoniformes,Salmonidae,Oncorhynchus mykiss,Rainbow Trout,78 547,200,,COMMON,,ABUNDANT - UNCOMMON,COMMON,,UNKNOWN,,,,COMMON /COMMON,ABUNDANT,UNKNOWN,Both,1,1,1,1,0,,,Lakes and freshwater streams and rivers sea-run populations in inshore waters at mid-depths and near surface.,,,,,,
F0103,Actinopterygii,Salmoniformes,Salmonidae,Oncorhynchus gorbuscha,Pink Salmon,83 556,198,,,,,,,,,,,COMMON /OCCASIONAL,RARE,,Both,1,0,,1,0,,,Coastal waters enters streams to spawn,,,,,,
F0104,Actinopterygii,Salmoniformes,Salmonidae,Oncorhynchus keta,Chum Salmon,85 554,198,,,,,,,,,,,ABUNDANT /UNCOMMON,RARE,,Both,1,0,,1,0,,,Coastal waters enters streams to spawn,,,,,,
F0105,Actinopterygii,Salmoniformes,Salmonidae,Oncorhynchus kisutch,Coho Salmon,79 80 81 550 551 552,199,,,,,,,,,,,COMMON /ABUNDANT,COMMON,,Both,1,0,,1,0,,,Coastal waters at mid-depths or near surface enters coastal streams to spawn sometimes far inland.,,,,,,
F0106,Actinopterygii,Salmoniformes,Salmonidae,Oncorhynchus nerka,Sockeye Salmon,86 557,200,,,,,,,,,,,ABUNDANT /COMMON,RARE,,Both,1,0,1,1,0,,,Surface of open seas enters streams rivers and lakes with tributary streams.,,,,,,
F0107,Actinopterygii,Salmoniformes,Salmonidae,Oncorhynchus tshawytscha,Chinook Salmon,84 555,201,,,,,,,,,,,RARE /COMMON,COMMON,,Both,1,0,1,1,0,,,Oceans near surface and at mid-depths may feed near bottom enters large rivers to spawn.,,,,,,
F0108,Actinopterygii,Salmoniformes,Salmonidae,Salmo salar,Atlantic Salmon,82 553,202,RARE,,UNCOMMON,,,,,,UNKNOWN,,,,,Both,1,1,,1,0,,,Coastal waters freshwater streams and lakes.,,,,,,
F0109,Actinopterygii,Salmoniformes,Salmonidae,Salmo trutta,Brown Trout,73 548,203,COMMON,COMMON,UNCOMMON,ABUNDANT - COMMON,,,UNCOMMON,,UNKNOWN,,,UNKNOWN,COMMON,Both,1,1,,1,0,,,Primarily high-gradient freshwater streams and in lakes sea-run populations in nearshore waters.,,,,,,
F0110,Actinopterygii,Salmoniformes,Salmonidae,Salvelinus fontinalis,Brook Trout,77 546,204,UNCOMMON,UNCOMMON,COMMON,ABUNDANT - N,COMMON,,OCCASIONAL,,UNKNOWN,,UNCOMMON /ABUNDANT,RARE,UNKNOWN,Fresh,1,0,,0,0,,,Clear cool freshwater streams and tidal streams rarely in salt water,,,,,,
F0111,Actinopterygii,Salmoniformes,Salmonidae,Salvelinus namaycush,Lake Trout,74 549,205,ABUNDANT,,UNCOMMON,ABUNDANT,COMMON,,,,UNCOMMON,,UNCOMMON /N,,,Fresh,1,1,0,0,0,,,Deep cold lakes and far northern rivers.,,,,,,
F0112,Actinopterygii,Salmoniformes,Salmonidae,Thymallus arcticus,Arctic Grayling,72,205,,,,RARE - N,COMMON,,,,,,,,,Fresh,1,1,0,0,0,,,Clear cold rivers creeks and lakes.,,,,,,
F0113,Actinopterygii,Salmoniformes,Salmonidae,Salvelinus malma,Dolly Varden,,,,,,,,,,,,,COMMON /COMMON,,,Both,1,0,1,1,0,,,Found in coastal waters estuaries and rivers.,,,,,,
F0114,Actinopterygii,Salmoniformes,Salmonidae,Salvelinus confluentus,Bull Trout,,,,,,,COMMON,,,,,,RARE /COMMON,,,Fresh,1,1,0,0,0,,,Found in cold clear waters of the high mountains and coastal rivers of the northwest. Gravel beds deep pools complex cover and a large system of interconnected waterways to accommodate spawning migrations. They favor the deep pools of cold lakes and large rivers as well as high cold mountain headwaters.,,,,,,
F0115,Actinopterygii,Salmoniformes,Salmonidae,Prosopium williamsoni,Mountain Whitefish,,,,,,ABUNDANT,COMMON,,,,,,COMMON /ABUNDANT,,,Fresh,1,1,0,0,0,,,Mountain streams and lakes favoring clear cold water and large deep pools of at least a meters depth.,,,,,,
F0116,Actinopterygii,Salmoniformes,Salmonidae,Prosopium cylindraceum,Round Whitefish,,,COMMON,,,,,,,,UNKNOWN,,,,,Fresh,1,1,0,0,0,,,Cold lakes rivers and brackish waters. ,,,,,,
F0117,Actinopterygii,Percopsiformes,Percopsidae,Percopsis omiscomaycus,Trout Perch,264,211,RARE,,,,RARE,,,,UNCOMMON,,,,,Fresh,1,1,0,0,0,SAND OR GRAVEL,,Lakes and streams over sand or gravel.,,,,,,
F0118,Actinopterygii,Gadiformes,Lotidae,Lota lota,Burbot,45,225,COMMON,,,,COMMON,,,,UNCOMMON,,UNCOMMON /N,,,Fresh,1,1,0,0,0,,,Deep cold rivers and lakes.,,,,,,
F0119,Actinopterygii,Batrachoidiformes,Batrachoididae,Porichthys notatus,Plainfin Midshipman,518,229,,,,,,,,,,,,UNKNOWN,,Salt,0,0,,1,0,SAND OR MUD,,Over sand or mud from shoreline to depths of 1200ft,,,,,,
F0120,Actinopterygii,Batrachoidiformes,Batrachoididae,Opsanus beta,Dogfish Gulf Toadfish,,,,,,,,,,,,COMMON,,,,Salt,0,0,1,1,0,,,Commonly inshore around bridges and structures. They prefer shallow areas.,,,,,,
F0121,Actinopterygii,Osmeriformes,Osmeridae,Spirinchus starksi,Night Smelt,,,,,,,,,,,,,,ABUNDANT,,Salt,0,0,1,1,0,,,In surf and in depths form the surface to 400ft,,,,,,
F0122,Actinopterygii,Osmeriformes,Osmeridae,Hypomesus pretiosus,Surf Smelt,,,,,,,,,,,,,,ABUNDANT,,Salt,0,0,1,1,0,,,Nearshore waters and estuaries.,,,,,,
F0123,Actinopterygii,Osmeriformes,Osmeridae,Thaleichthys pacificus,Eulachon,126,194,,,,,,,,,,,,UNKNOWN,,Salt,,0,1,1,0,,,Freshwater coastal inlets and near shore to depths of 600 ft,,,,,,
F0124,Actinopterygii,Lophiiformes,Antennariidae,Histrio histrio,Sargassumfish,345,233,,,,,,,,,,RARE,,,,Salt,0,0,,1,0,,,Tropical to warm-temperate seas with floating sargassum weed commonly blown into shores and bays during storms.,,,,,,
F0125,Actinopterygii,Mugiliformes,Mugilidae,Mugil cephalus,Striped Mullet,68 559,238,,,,,,,,,,ABUNDANT,,,,Both,1,0,1,1,0,,,Coastal waters and estuaries often ascends far up into fresh waters.,,,,,,
F0126,Actinopterygii,Mugiliformes,Mugilidae,Mugil curema,White Mullet,69 563,239,,,,,,,,,,UNCOMMON,,,,Both,1,0,1,1,0,,,Coastal waters and estuaries occasionally enters fresh water.,,,,,,
F0127,Actinopterygii,Atheriniformes,Atherinopsidae,Labidesthes sicculus,Brook Silverside,185,241,UNCOMMON,UNCOMMON,,,,,,,,UNCOMMON,,,,Fresh,1,1,0,0,0,,,Quiet clear lakes ponds rivers creeks and reservoirs.,,,,,,
F0128,Actinopterygii,Atheriniformes,Atherinopsidae,Atherinopsis californiensis,Jack Silverside,,,,,,,,,,,,,,UNKNOWN,,Salt,0,0,,1,0,,,Inshore areas and bays.,,,,,,
F0129,Actinopterygii,Atheriniformes,Atherinopsidae,Menidia beryllina,Inland Silverside,186 649,243,,,,,,,,,,COMMON,,,,Both,1,0,1,1,0,,,Along coast and in associated freshwater streams.,,,,,,
F0130,Actinopterygii,Atheriniformes,Atherinopsidae,Membras martinica,Rough Silverside,,,,,,,,,,,,UNKNOWN,,,,Both,1,0,1,1,0,,,Exposed shoreline and beaches where there is a firm substrate also occurs on coastal rivers.,,,,,,
F0131,Actinopterygii,Atheriniformes,Atherinopsidae,Atherinops affinis,Topsmelt,647,241,,,,,,,,,,,,UNKNOWN,,Salt,0,0,1,1,0,,,Surface waters near shores in bays and around kelp beds.,,,,,,
F0132,Actinopterygii,Aulopiformes,Synodontidae,Synodus foetens,Inshore Lizardfish,422,207,,,,,,,,,,UNCOMMON,,,,Salt,0,0,0,1,0,,,On bottom to depths of about 90ft usually near shore.,,,,,,
F0133,Actinopterygii,Cyprinodontiformes,Fundulidae,Fundulus diaphanus,Banded Killifish,242,251,COMMON,,ABUNDANT,,,,,,,,,,,Fresh,1,1,0,0,0,SAND OR GRAVEL,,Quiet rivers creeks ponds and lakes with some vegetation over sand or gravel.,,,,,,
F0134,Actinopterygii,Cyprinodontiformes,Fundulidae,Fundulus catenatus,Northern Studfish,247 248,249,,UNKNOWN,,,,,,,,,,,,Fresh,1,0,0,0,0,SAND GRAVEL OR ROCKS,,Clear streams with moderate gradient over clean sand gravel or rocks.,,,,,,
F0135,Actinopterygii,Cyprinodontiformes,Fundulidae,Fundulus seminolis,Seminole Killifish,244,255,,,,,,,,,,UNCOMMON,,,,Fresh,1,1,0,0,0,SAND,,Open shallow lakes and streams with vegetation over sand.,,,,,,
F0136,Actinopterygii,Cyprinodontiformes,Fundulidae,Fundulus similis,Longnose Killifish,240 394,256,,,,,,,,,,UNCOMMON,,,,Salt,0,0,1,1,0,SAND OR MUD,,Tide pools salt marshes ditches and lagoons over sand or mud.,,,,,,
F0137,Actinopterygii,Cyprinodontiformes,Fundulidae,Fundulus confluentus,Marsh Killifish,,,,,,,,,,,,COMMON,,,,Both,0,,1,1,0,,,Occurs mainly in grassy backwaters and brackish bays not along open beaches.,,,,,,
F0138,Actinopterygii,Cyprinodontiformes,Fundulidae,Fundulus grandis,Gulf Killifish,254 396,252,,,,,,,,,,COMMON,,,,Both,0,,1,1,0,SAND OR MUD,,Bays tidal marshes pools and ditches over sand or mud.,,,,,,
F0139,Actinopterygii,Cyprinodontiformes,Fundulidae,Fundulus chrysotus,Golden Topminnow,249,250,,,,,,,,,,COMMON,,,,Fresh,1,1,0,0,0,,,Clear backwater sloughs and pools of sluggish streams lakes and marshes with abundant vegetation.,,,,,,
F0140,Actinopterygii,Cyprinodontiformes,Fundulidae,Lucania goodei,Bluefin Killifish,245,257,,,,,,,,,,ABUNDANT,,,,Fresh,1,1,0,0,0,,,Edges of streams lakes and ponds with vegetation especially common along edges of spring runs.,,,,,,
F0141,Actinopterygii,Cyprinodontiformes,Fundulidae,Lucania parva,Rainwater Killifish,239 391,258,,,,,,,,,,ABUNDANT,,,,Both,0,1,1,1,0,,,Bays marshes estuaries saltwater ponds and bayous with vegetation enters freshwaters.,,,,,,
F0142,Actinopterygii,Cyprinodontiformes,Poeciliidae,Gambusia holbrooki,Eastern Mosquitofish,,,,RARE,,,,,,,,ABUNDANT,,,,Fresh,1,1,0,0,0,,,Shallow standing to slow-flowing water mostly in vegetated ponds lakes and sloughs.,,,,,,
F0143,Actinopterygii,Cyprinodontiformes,Poeciliidae,Heterandria formosa,Least Killifish,237,260,,,,,,,,,,ABUNDANT,,,,Both,1,1,1,,0,,,Swamps ditches ponds and bayous with fresh or brackish waters and abundant aquatic vegetation.,,,,,,
F0144,Actinopterygii,Cyprinodontiformes,Poeciliidae,Poecilia latipinna,Sailfin Molly,262 398,261,,,,,,,,,,ABUNDANT,,,,Both,1,1,1,0,0,,,Saltwater marshes ponds and ditches freshwater pools ponds and ditches,,,,,,
F0145,Actinopterygii,Cyprinodontiformes,Cyprinodontidae,Jordanella floridae,American Flagfish,261,265,,,,,,,,,,COMMON,,,,Both,1,1,1,0,0,,,Quiet shallow ditches lakes and ponds with vegetation commonly enters brackish water.,,,,,,
F0146,Actinopterygii,Cyprinodontiformes,Cyprinodontidae,Floridichthys carpio,Goldspotted Killifish,,,,,,,,,,,,COMMON,,,,Both,1,0,1,1,0,,,Mostly found in marine on tidal flats and creeks but enters brackish water.,,,,,,
F0147,Actinopterygii,Cyprinodontiformes,Aplocheilidae,Rivulus marmoratus,Mangrove Rivulus,,,,,,,,,,,,UNCOMMON,,,,Both,1,0,1,1,0,,,Brackish and marine waters. Can survive for two months on land. Typically found in areas with red mangrove.,,,,,,
F0148,Actinopterygii,Gasterosteiformes,Aulorhynchidae,Aulorhynchus flavidus,Tubesnout,483,270,,,,,,,,,,,,UNKNOWN,,Salt,0,0,,1,0,,,Giant kelp and eelgrass beds in shallow bays and to depths of 102ft,,,,,,
F0149,Actinopterygii,Gasterosteiformes,Gasterosteidae,Culaea inconstans,Brook Stickleback,265,270,COMMON,,COMMON,,,,,,UNCOMMON,,,,,Fresh,1,1,0,0,,,,Small streams ponds and lake with clear cold waters and abundant aquatic vegetation rarely enters brackish waters,,,,,,
F0150,Actinopterygii,Gasterosteiformes,Gasterosteidae,Gasterosteus aculeatus,Threespine Stickleback,266 399,271,UNKNOWN,,COMMON,,,,,,,,UNKNOWN /COMMON,ABUNDANT,,Both,1,,1,1,0,,,Marine estuarine and fresh waters usually in vegetation.,,,,,,
F0151,Actinopterygii,Gasterosteiformes,Gasterosteidae,Pungitius pungitius,Ninespine Stickleback,,,ABUNDANT,,,,,,,,UNCOMMON,,,,,Fresh,1,1,0,0,0,,,Shallow vegetated areas of lakes ponds and pools of sluggish streams.,,,,,,
F0152,Actinopterygii,Gasterosteiformes,Syngnathidae,Cosmocampus albirostris,Whitenose Pipefish,,,,,,,,,,,,UNKNOWN,,,,Salt,0,0,0,1,1,,,Coral reefs sea floor rubble.,,,,,,
F0153,Actinopterygii,Gasterosteiformes,Syngnathidae,Syngnathus leptorhynchus,Bay Pipefish,480,273,,,,,,,,,,,,UNKNOWN,,Salt,0,0,,1,0,,,Eelgrass beds in bays,,,,,,
F0154,Actinopterygii,Gasterosteiformes,Syngnathidae,Syngnathus floridae,Dusky Pipefish,,,,,,,,,,,,UNCOMMON,,,,Salt,0,0,,1,0,,,Abundant in seagrass beds along coast,,,,,,
F0155,Actinopterygii,Gasterosteiformes,Syngnathidae,Syngnathus scovelli,Gulf Pipefish,26 481,274,,,,,,,,,,UNCOMMON,,,,Both,0,0,1,1,0,GRASSY,,Shallow grassy flats in salt and fresh waters.,,,,,,
F0156,Actinopterygii,Gasterosteiformes,Syngnathidae,Hippocampus zosterae,Dwarf Seahorse,,,,,,,,,,,,UNCOMMON,,,,Salt,0,0,,1,1,,,Seagrass beds of shallow tropical waters generally in areas where eelgrass is abundant. They are also found among floating vegetation mangrove roots and coral reefs.,,,,,,
F0157,Actinopterygii,Gasterosteiformes,Syngnathidae,Hippocampus erectus,Lined Seahorse,484,272,,,,,,,,,,UNKNOWN,,,,Salt,0,0,,1,0,,,Usually associated with vegetation such as eelgrass and sargassum weed.,,,,,,
F0158,Actinopterygii,Scorpaeniformes,Scorpaenidae,Scorpaena brasiliensis,Barbfish,433,278,,,,,,,,,,RARE,,,,Salt,0,0,1,1,1,MUD SILT SAND ROCK,,Inshore over mud silt sand rocks or coral reefs to depths of 300ft,,,,,,
F0159,Actinopterygii,Scorpaeniformes,Scorpaenidae,Sebastes ruberrimus,Yelloweye Rockfish,456,292,,,,,,,,,,,,COMMON,,Salt,0,0,0,1,1,,,Around rocky reefs with caves and crevices at depths of 1450-1800ft,,,,,,
F0160,Actinopterygii,Scorpaeniformes,Scorpaenidae,Sebastes pinniger,Canary Rockfish,455,291,,,,,,,,,,,,COMMON,,Salt,0,0,0,1,1,ROCK AND SOFT,,Around deep rocky reefs and over soft bottoms at depths of 300-900ft,,,,,,
F0161,Actinopterygii,Scorpaeniformes,Scorpaenidae,Sebastes melanops,Black Rockfish,451,286,,,,,,,,,,,,ABUNDANT,,Salt,0,0,,1,,ROCK AND SOFT,,Over rocks and soft bottoms to depths of 1200ft,,,,,,
F0162,Actinopterygii,Scorpaeniformes,Scorpaenidae,Sebastes caurinus,Copper Rockfish,460,283,,,,,,,,,,,,COMMON,,Salt,0,0,0,1,1,,,Low-profile rocky and shale reefs to depths of 600ft,,,,,,
F0163,Actinopterygii,Scorpaeniformes,Scorpaenidae,Sebastes flavidus,Yellowtail Rockfish,463,285,,,,,,,,,,,,UNKNOWN,,Salt,0,0,0,1,1,REEF AND SOFT,,Over deep rocky reefs and soft bottoms from surface to depths of 900ft,,,,,,
F0164,Actinopterygii,Scorpaeniformes,Scorpaenidae,Sebastes miniatus,Vermilion Rockfish,457,287,,,,,,,,,,,,UNCOMMON,,Salt,0,0,0,1,1,REEF AND SOFT,,Over rocky reefs and soft bottoms to depths of 900ft,,,,,,
F0165,Actinopterygii,Scorpaeniformes,Triglidae,Prionotus scitulus,Leopard Searobin,426,299,,,,,,,,,,UNKNOWN,,,,Salt,0,0,,1,0,,,Bays and nearshore waters to depths of 150ft,,,,,,
F0166,Actinopterygii,Scorpaeniformes,Triglidae,Prionotus tribulus,Bighead Searobin,430,300,,,,,,,,,,UNCOMMON,,,,Salt,0,0,,1,0,SAND AND MUD,,Nearshore waters bays and sounds over sand and mud,,,,,,
F0167,Actinopterygii,Scorpaeniformes,Hexagrammidae,Hexagrammos decagrammus,Kelp Greenling,449,302,,,,,,,,,,,,COMMON,,Salt,0,0,0,1,0,SAND,,Rocky inshore waters and over sand to depths of 150ft common in kelp beds,,,,,,
F0168,Actinopterygii,Scorpaeniformes,Hexagrammidae,Ophiodon elongatus,Lingcod,424,302,,,,,,,,,,,,UNKNOWN,,Salt,0,0,,1,0,,,Near rocks from shallow waters to depths of 1398ft. Young in bays and inshore areas over sand or mud,,,,,,
F0169,Actinopterygii,Scorpaeniformes,Hexagrammidae,Oxylebius pictus,Painted Greenling,458,303,,,,,,,,,,,,UNKNOWN,,Salt,0,0,1,1,0,,,Rocky intertidal waters to depths of 162ft,,,,,,
F0170,Actinopterygii,Scorpaeniformes,Cottidae,Artedius corallinus,Corraline Sculpin,,,,,,,,,,,,,,COMMON,,Salt,0,0,,1,0,,,Rocky and intertidal areas.,,,,,,
F0171,Actinopterygii,Scorpaeniformes,Cottidae,Cottus cognatus,Slimy Sculpin,,,COMMON,,,,COMMON,,,,UNKNOWN,,UNCOMMON /N,,,Fresh,1,1,,0,0,ROCK,,Swift rocky-bottomed cold streams oligotrophic lakes and even brackish waters.,,,,,,
F0172,Actinopterygii,Scorpaeniformes,Cottidae,Cottus carolinae,Banded Sculpin,,,,COMMON,,,,,,,,,,,,Fresh,1,0,0,0,0,SAND STONES BOULDERS,,Streams and rivers with cool running water. They are a benthic species and prefer stream beds made of sand bedrock stones or boulders.,,,,,,
F0173,Actinopterygii,Scorpaeniformes,Cottidae,Cottus gulosus,Riffle Sculpin,,,,,,,,,,,,,,UNKNOWN,UNCOMMON,Fresh,1,0,0,0,0,NO,,Found in headwater streams with riffles. Preference for permanent streams.,,,,,,
F0174,Actinopterygii,Scorpaeniformes,Cottidae,Cottus bairdii,Mottled Sculpin,427,306,COMMON,COMMON,,ABUNDANT,UNCOMMON,,,,UNKNOWN,,,,,Fresh,1,1,0,0,0,GRAVEL OR ROCKS,,Clear cool or cold creeks rivers and lakes over gravel and rocks.,,,,,,
F0175,Actinopterygii,Scorpaeniformes,Cottidae,Hemilepidotus spinosus,Brown Irish Lord,,,,,,,,,,,,,,COMMON,,Salt,0,0,,1,0,,,Intertidal areas. Usually found in subtidal areas of exposed coasts.,,,,,,
F0176,Actinopterygii,Scorpaeniformes,Cottidae,Hemilepidotus hemilepidotus,Red Irish Lord,446,308,,,,,,,,,,,,COMMON,,Salt,0,0,,1,0,ROCK,,Shallow rocky areas from intertidal zone to depths of 156ft,,,,,,
F0177,Actinopterygii,Scorpaeniformes,Cottidae,Leptocottus armatus,Staghorn Sculpin,,,,,,,,,,,,,,COMMON,,Salt,0,0,,1,0,,,Common in estuaries and lagoons.,,,,,,
F0178,Actinopterygii,Scorpaeniformes,Cottidae,Oligocottus snyderi,Fluffy Sculpin,439,310,,,,,,,,,,,,COMMON,,Salt,0,0,0,1,0,,,Common in tidepools prefers sheltered waters.,,,,,,
F0179,Actinopterygii,Scorpaeniformes,Cottidae,Enophrys bison,Buffalo Sculpin,435,307,,,,,,,,,,,,COMMON,,Salt,0,0,,1,0,ROCK OR SAND,,Common in rocky or sandy inshore waters to depths of 66ft often around piers and wrecks.,,,,,,
F0180,Actinopterygii,Scorpaeniformes,Cottidae,Scorpaenichthys marmoratus,Cabezon,442,312,,,,,,,,,,,,COMMON,,Salt,0,0,0,1,0,,,Rocky areas in intertidal zone and below low-tide level to depths of 252',,,,,,
F0181,Actinopterygii,Dactylopteridormes,Dactylopteridae,Dactylopterus volitans,Flying Gurnard,542 543,317,,,,,,,,,,UNKNOWN,,,,Salt,0,0,0,1,1,,,Over open bottoms from shallow waters to mid-depths often around coral reefs.,,,,,,
F0182,Actinopterygii,Perciformes,Serranidae,Centropristis striata,Black Sea Bass,633,325,,,,,,,,,,UNKNOWN,,,,Salt,0,0,0,1,0,,,Shallow continental shelf waters common around jetties pilings and wrecks over rocks.,,,,,,
F0183,Actinopterygii,Perciformes,Serranidae,Diplectrum formosum,Sand Perch,587,327,,,,,,,,,,RARE,,,,Salt,0,0,0,1,1,SAND OR MUD,,Coastal waters over sand or mud and near reegs or upper edges of depression sin ocean floor from inshore to depths of 240ft,,,,,,
F0184,Actinopterygii,Perciformes,Serranidae,Epinephelus itajara,Goliath Grouper,631,330,,,,,,,,,,RARE,,,,Salt,,0,1,1,0,,,Shallow inshore waters to mid-depths sometimes close to shore around mangroves and often around wrecks and other sheltered areas to depths of 165ft or more.,,,,,,
F0185,Actinopterygii,Perciformes,Serranidae,Epinephelus striatus,Nassau Grouper,630,333,,,,,,,,,,OCCASIONAL,,,,Salt,0,0,,1,1,NO,,Over coral reefs from close inshore to depths of at least 300ft,,,,,,
F0186,Actinopterygii,Perciformes,Serranidae,Epinephelus morio,Red Grouper,629,331,,,,,,,,,,RARE,,,,Salt,0,0,0,1,0,ROCKS,,Usually over rocks to depths of about 450ft ,,,,,,
F0187,Actinopterygii,Perciformes,Serranidae,Mycteroperca bonaci,Black Grouper,628,333,,,,,,,,,,OCCASIONAL,,,,Salt,0,0,,1,1,ROCKS,,Over rocks and coral reefs from shallow waters to depths of about 70ft,,,,,,
F0188,Actinopterygii,Perciformes,Centrarchidae,Ambloplites rupestris,Rock Bass,103,340,COMMON,COMMON,,,,,,,UNKNOWN,,,,,Fresh,1,1,0,0,0,,,Cool clear rocky streams and shallow lakes with vegetation and other cover.,,,,,,
F0189,Actinopterygii,Perciformes,Centrarchidae,Lepomis cyanellus,Green Sunfish,93,344,UNCOMMON,RARE,,,,,,,,,,UNKNOWN,,Fresh,1,1,0,0,0,,,Clear to turbid swamps ponds and smaller streams with little or no current.,,,,,,
F0190,Actinopterygii,Perciformes,Centrarchidae,Lepomis gibbosus,Pumpkinseed,90,344,COMMON,,ABUNDANT,,,,,,UNCOMMON,,,,,Fresh,1,1,0,0,0,,,Cool quiet shallow waters of slow streams ponds marshes and lakes with dense vegetation.,,,,,,
F0191,Actinopterygii,Perciformes,Centrarchidae,Lepomis gulosus,Warmouth,102,345,,RARE,,,,,,,,,,,,Fresh,1,1,0,0,0,,,Ponds swamps lakes and sluggish streams with vegetation or debris,,,,,,
F0192,Actinopterygii,Perciformes,Centrarchidae,Lepomis macrochirus,Bluegill,95,345,COMMON,UNKNOWN,,,,,,,,COMMON,,UNKNOWN,,Fresh,1,1,0,0,0,,,Clear warm pools of streams lakes ponds sloughs and reservoirs usually in shallow waters with vegetation.,,,,,,
F0193,Actinopterygii,Perciformes,Centrarchidae,Lepomis megalotis,Longear Sunfish,91,346,UNKNOWN,,,,,,,,,,,,,Fresh,1,1,0,0,0,SAND GRAVEL OR ROCKS,,Pools of streams with moderate current over sand gravel or rocks reservoirs or lakes.,,,,,,
F0194,Actinopterygii,Perciformes,Centrarchidae,Lepomis punctatus,Spotted Sunfish,99,347,,,,,,,,,,COMMON,,,,Fresh,1,1,0,0,0,,,Pools and sluggish waters of creeks and small rivers ponds and lakes usually with vegetation.,,,,,,
F0195,Actinopterygii,Perciformes,Centrarchidae,Lepomis microlophus,Redear Sunfish,94,347,,RARE,,,,,,,,UNCOMMON,,,,Fresh,1,1,0,0,0,,,Clear quiet pools of warm streams ponds lakes and reservoirs with vegetation or other cover.,,,,,,
F0196,Actinopterygii,Perciformes,Centrarchidae,Micropterus dolomieu,Smallmouth Bass,111,349,COMMON,COMMON,UNCOMMON,,,,,,,,,,UNKNOWN,Fresh,1,1,0,0,0,GRAVEL OR ROCKS,,Cool clear streams with moderate to swift current over gravel or rocks lakes and reservoirs.,,,,,,
F0197,Actinopterygii,Perciformes,Centrarchidae,Micropterus salmoides,Largemouth Bass,112,351,COMMON,RARE,UNCOMMON,,,,,,,UNCOMMON,UNKNOWN /OCCASIONAL,COMMON,,Fresh,1,1,0,0,0,,,Quiet clear to slightly turbid streams ponds lakes and reservoirs often with vegetation or other cover.,,,,,,
F0198,Actinopterygii,Perciformes,Centrarchidae,Pomoxis nigromaculatus,Black Crappie,100,352,UNKNOWN,RARE,,,,,,,UNKNOWN,OCCASIONAL,,UNKNOWN,,Fresh,1,1,0,0,0,,,Quiet warm clear streams ponds lakes reservoirs.,,,,,,
F0199,Actinopterygii,Perciformes,Percidae,Etheostoma blennioides,Greenside Darter,293,356,,COMMON,,,,,,,,,,,,Fresh,1,0,0,0,0,GRAVEL OR ROCKS,,Riffles or large clear creeks and rivers with moderate to swift current over gravel or rocks.,,,,,,
F0200,Actinopterygii,Perciformes,Percidae,Etheostoma chlorobranchium,Greenfin Darter,,,,COMMON,,,,,,,,,,,,Fresh,1,0,0,0,0,,,High-elevation creeks and rivers.,,,,,,
F0201,Actinopterygii,Perciformes,Percidae,Etheostoma caeruleum,Rainbow Darter,298,358,UNKNOWN,UNKNOWN,,,,,,,,,,,,Fresh,1,0,0,0,0,GRAVEL OR ROCKS,,Riffles of clear swift creeks and small rivers over gravel or rocks.,,,,,,
F0202,Actinopterygii,Perciformes,Percidae,Etheostoma rufilineatum,Redline Darter,302,364,,COMMON,,,,,,,,,,,,Fresh,1,0,0,0,0,GRAVEL OR ROCKS,,Swift riggles of clear cool creeks and rivers over gravel or rocks.,,,,,,
F0203,Actinopterygii,Perciformes,Percidae,Etheostoma fusiforme,Swamp Darter,271,360,,,,,,,,,,RARE,,,,Both,1,1,,,0,MUD SAND OR DEBRIS,,Sluggish clear to dark-stained coastal streams ponds and swamps with vegetation over mud sand or debris.,,,,,,
F0204,Actinopterygii,Perciformes,Percidae,Etheostoma nigrum,Johnny Darter,277,362,COMMON,,,,,,,,,,,,,Fresh,1,1,0,0,0,SAND GRAVEL OR ROCKS,,Pools near riffles of clear to slightly turbid creeks and rivers over sand gravel or rocks lake shores.,,,,,,
F0205,Actinopterygii,Perciformes,Percidae,Percina aurantiaca,Tangerine Darter,300,372,,RARE,,,,,,,,,,,,Fresh,1,0,0,0,0,COBBLE BOULDERS,,Deep riffles runs and pools of medium to large creeks and rivers with steep gradient over bedrock cobble rubble or boulders,,,,,,
F0206,Actinopterygii,Perciformes,Percidae,Etheostoma zonale,Banded Darter,286,370,,RARE,,,,,,,,,,,,Fresh,1,0,0,0,0,GRAVEL SAND OR RUBBLE,,Riffles and shoals of large creeks and rivers with moderate to swift current over gravel sand or rubble.,,,,,,
F0207,Actinopterygii,Perciformes,Percidae,Perca flavescens,Yellow Perch,119,371,COMMON,UNKNOWN,UNCOMMON,,,,,,COMMON,,,UNKNOWN,,Fresh,1,1,0,0,0,,,Open areas in clear streams lakes ponds and reservoirs with aquatic vegetation.,,,,,,
F0208,Actinopterygii,Perciformes,Percidae,Percina caprodes,Logperch,279,372,UNCOMMON,RARE,,,,,,,UNCOMMON,,,,,Fresh,1,1,0,0,0,SAND GRAVEL OR ROCKS,,Riffles and pools of medium to large streams over sand gravel or rocks lakes and reservoirs.,,,,,,
F0209,Actinopterygii,Perciformes,Percidae,Percina evides,Gilt Darter,287,374,,UNCOMMON,,,,,,,,,,,,Fresh,1,0,0,0,0,GRAVEL RUBBLE OR BOULDERS,,Clear deep swift riffles of large creeks and rivers over gravel rubble or boulders.,,,,,,
F0210,Actinopterygii,Perciformes,Percidae,Percina maculata,Blackside Darter,270,375,UNKNOWN,,,,,,,,,,,,,Fresh,1,0,0,0,0,SAND GRAVEL OR ROCKS,,Riffles and pools of large creeks and rivers over sand gravel or rocks often around vegetation or debris.,,,,,,
F0211,Actinopterygii,Perciformes,Percidae,Sander canadensis,Sauger,120,380,UNKNOWN,UNKNOWN,,,,,,,UNKNOWN,,,,,Fresh,1,1,0,0,0,,,Large creeks and rivers with moderate to swift currents lakes reservoirs often in somewhat turbid waters.,,,,,,
F0212,Actinopterygii,Perciformes,Percidae,Sander vitreus,Walleye,121,381,UNCOMMON,RARE,,,,,,,UNCOMMON,,,,,Fresh,1,1,0,0,0,FIRM SAND GRAVEL OR ROCKS,,Deep large streams lakes and reservoirs over firm sand gravel or rocks.,,,,,,
F0213,Actinopterygii,Perciformes,Echeneidae,Echeneis naucrates,Sharksucker,637,390,,,,,,,,,,UNKNOWN,,,,Salt,0,0,,1,0,,,Usually near surface of inshore and offshore waters in open seas.,,,,,,
F0214,Actinopterygii,Perciformes,Carangidae,Caranx hippos,Crevalle Jack,685,395,,,,,,,,,,COMMON,,,,Salt,,0,1,1,0,,,Inshore shallow bays and estuaries to deep waters of continental shelf enters waters of very low salinity.,,,,,,
F0215,Actinopterygii,Perciformes,Carangidae,Caranx latus,Horse Eye Jack,684,396,,,,,,,,,,RARE,,,,Salt,0,0,1,1,0,,,Around islands over sand or offshore enters brackish waters in lower reaches of estuaries.,,,,,,
F0216,Actinopterygii,Perciformes,Lutjanidae,Lutjanus synagris,Lane Snapper,602,410,,,,,,,,,,UNCOMMON,,,,Salt,0,0,,1,0,,,Continental and shallow island shelf waters.,,,,,,
F0217,Actinopterygii,Perciformes,Lutjanidae,Lutjanus griseus,Gray Snapper,615,408,,,,,,,,,,COMMON,,,,Salt,,0,1,1,1,ROCKS,,Estuaries mangrove swamps around coral reefs and over rocks from inshore to depths of about 540ft.,,,,,,
F0218,Actinopterygii,Perciformes,Lutjanidae,Ocyurus chrysurus,Yellowtail Snapper,603,411,,,,,,,,,,OCCASIONAL,,,,Salt,0,0,,1,1,ROCKS,,Most common in coastal waters to depths of about 60ft usually around coral reefs and over rocks.,,,,,,
F0219,Actinopterygii,Perciformes,Lobotidae,Lobotes surinamensis,Atlantic Tripletail,624,412,,,,,,,,,,UNCOMMON,,,,Salt,0,0,1,1,0,,,Inshore to offshore bays and estuaries near buoys and channel markers.,,,,,,
F0220,Actinopterygii,Perciformes,Sparidae,Lagodon rhomboides,Pinfish,599,423,,,,,,,,,,COMMON,,,,Salt,0,0,1,1,0,,,Primarily shallow waters often around vegetation enters fresh water in a few coastal areas.,,,,,,
F0221,Actinopterygii,Perciformes,Sciaenidae,Aplodinotus grunniens,Freshwater Drum,114,426,UNKNOWN,UNKNOWN,,,,,,,,,,,,Fresh,1,1,0,0,0,,,Small to large rivers with slow to moderate current deeper waters of lakes and reservoirs.,,,,,,
F0222,Actinopterygii,Perciformes,Sciaenidae,Atractoscion nobilis,White Seabass,558,427,,,,,,,,,,,,UNKNOWN,,Salt,0,0,0,1,0,ROCKS,,Usually over rocks and in kelp beds from shore to depths of 400ft,,,,,,
F0223,Actinopterygii,Perciformes,Sciaenidae,Bairdiella chrysoura,Silver Perch,575,427,,,,,,,,,,COMMON,,,,Salt,0,0,,1,0,SAND OR MUD,,Open shorelines in shallow waters over sand or mud.,,,,,,
F0224,Actinopterygii,Perciformes,Sciaenidae,Cynoscion nebulosus,Spotted Seatrout,571,428,,,,,,,,,,COMMON,,,,Salt,0,0,1,1,0,SAND,,Mostly in shallow coastal waters over sand. Young in estuaries tidal mud flats sea-grass beds and salt marshes.,,,,,,
F0225,Actinopterygii,Perciformes,Sciaenidae,Genyonemus lineatus,White Croaker,580,431,,,,,,,,,,,,UNKNOWN,,Salt,0,0,0,1,0,,,Inshore waters and bays usually to depths of 100',,,,,,
F0226,Actinopterygii,Perciformes,Sciaenidae,Pogonias cromis,Black Drum,574,435,,,,,,,,,,RARE,,,,Salt,0,0,1,1,0,SAND OR MUD,,Bays and estuaries over sand or sandy mud.,,,,,,
F0227,Actinopterygii,Perciformes,Chaetodontidae,Chaetodon ocellatus,Spotfin Butterflyfish,368,443,,,,,,,,,,UNKNOWN,,,,Salt,0,0,0,,1,,,Shallow coral and rocky reefs around rock jetties in areas without reefs.,,,,,,
F0228,Actinopterygii,Perciformes,Pomacanthidae,Pomacentrus leucostictus,Beaugregory,,,,,,,,,,,,OCCASIONAL,,,,Salt,0,0,,1,1,,,Seagrass meadows rocky or coral reefs and sandy flats. Sometimes found amongst mangroves.,,,,,,
F0229,Actinopterygii,Perciformes,Pomacanthidae,Abudefduf saxatilis,Sergeant Major,,,,,,,,,,,,OCCASIONAL,,,,Salt,0,0,0,0,1,,,Coral reefs,,,,,,
F0230,Actinopterygii,Perciformes,Pomacanthidae,Holacanthus ciliaris,Queen Angelfish,373,445,,,,,,,,,,OCCASIONAL,,,,Salt,0,0,0,,1,,,Shallow coral reefs.,,,,,,
F0231,Actinopterygii,Perciformes,Elassomatidae,Elassoma evergladei,Everglades Pygmy Sunfish,123,453,,,,,,,,,,UNCOMMON,,,,Both,1,0,1,1,0,,,Coastal lowlands in sluggish streams swamps oxbow lakes and wetlands with dense vegetation.,,,,,,
F0232,Actinopterygii,Perciformes,Cichlidae,Cichlasoma urophthalmus,Peacock Bass,609,455,,,,,,,,,,OCCASIONAL,,,,Both,1,1,,0,0,MUD SAND OR ROCKS,,Canals and man-made lakes over mud sand or rocks.,,,,,,
F0233,Actinopterygii,Perciformes,Cichlidae,Oreochromis aureus,Blue Tilapia,,,,,,,,,,,,COMMON,,,,Both,1,1,1,0,0,,,Streams rivers lakes and ponds.,,,,,,
F0234,Actinopterygii,Perciformes,Cichlidae,Tilapia mariae,Spotted Tilapia,623,457,,,,,,,,,,UNCOMMON,,,,Both,1,1,0,0,0,,,Creeks lakes ponds canals and roadside ditches usually with aquatic vegetation.,,,,,,
F0235,Actinopterygii,Perciformes,Embiotocidae,Amphistichus rhodeoterus,Redtail Surfperch,590,458,,,,,,,,,,,,COMMON,,Salt,0,0,,1,0,SAND,,Surf zone over steeply sloping sandy beaches and other sandy areas to depths of about 25ft,,,,,,
F0236,Actinopterygii,Perciformes,Embiotocidae,Cymatogaster aggregata,Shiner SurfPerch,584,459,,,,,,,,,,,,COMMON,,Salt,0,0,,1,0,,,Bays around piers near rocky shores and kelp beds and outer coastal waters over soft bottoms to depths of 480ft,,,,,,
F0237,Actinopterygii,Perciformes,Embiotocidae,Hyperprosopon argenteum,Walleye Surfperch,592,461,,,,,,,,,,,,COMMON,,Salt,0,0,0,1,0,,,Surf zone over sand and around piers rocky shores and kelp beds bays and outer coasts to depths of 60ft,,,,,,
F0238,Actinopterygii,Perciformes,Embiotocidae,Rhacochilus toxotes,Rubberlip Seaperch,589,463,,,,,,,,,,,,RARE,,Salt,0,0,,1,0,,,Usually rocky coasts or around piers and kelp beds from shallow bays to depths of 150ft,,,,,,
F0239,Actinopterygii,Perciformes,Stichaeidae,Anoplarchus purpurescens,High Cockscomb,509,488,,,,,,,,,,,,UNKNOWN,,Salt,0,0,0,1,0,,,Usually intertidal zone among rocks to depths of 100ft,,,,,,
F0240,Actinopterygii,Perciformes,Stichaeidae,Lumpenus sagitta,Snake Prickleback,502,490,,,,,,,,,,,,UNKNOWN,,Salt,0,0,,1,0,,,Shallow bays and offshore to depths of about 680ft,,,,,,
F0241,Actinopterygii,Perciformes,Eleotridae,Dormitator maculatus,Fat Sleeper,117 419,514,,,,,,,,,,RARE,,,,Both,1,1,1,1,0,,,Brackish ponds and ditches saltwater marshes and freshwater coastal streams.,,,,,,
F0242,Actinopterygii,Perciformes,Haemulidae,Orthopristis chrysoptera,Pigfish,,,,,,,,,,,,COMMON,,,,Salt,0,0,1,1,0,,,Estuaries and bays sometimes entering canals. Can also be found in coastal waters and over continental shelf.,,,,,,
F0243,Actinopterygii,Perciformes,Haemulidae,Haemulon plumieri,White Grunt,,,,,,,,,,,,COMMON,,,,Salt,0,0,,1,1,,,Found near mangroves reefs docks.,,,,,,
F0244,Actinopterygii,Perciformes,Gobiidae,Lophogobius cyprinoides,Crested Goby,,,,,,,,,,,,COMMON,,,,Both,0,0,1,1,0,,,Mangroves creeks estuaries and coastal waters.,,,,,,
F0245,Actinopterygii,Perciformes,Gobiidae,Gobiosoma bosc,Naked Goby,,,,,,,,,,,,COMMON,,,,Both,0,0,1,1,0,,,Estuary and coastal waters. Brackish water.,,,,,,
F0246,Actinopterygii,Perciformes,Gobiidae,Bathygobius soporator,Frillfin Goby,528,516,,,,,,,,,,UNCOMMON,,,,Salt,0,0,,1,0,,,Rocky tide pools and shallows,,,,,,
F0247,Actinopterygii,Perciformes,Gobiidae,Microgobius gulosus,Clown Goby,523,520,,,,,,,,,,COMMON,,,,Salt,0,0,1,1,0,MUD,,Muddy estuaries often with vegetation sometimes enters fresh water.,,,,,,
F0248,Actinopterygii,Tetraodontiformes,Tetraodontidae,Chilomycterus schoepfi,Striped Burrfish,,,,,,,,,,,,COMMON,,,,Salt,0,0,,1,0,,,Seagrass beds in bays and coastal lagoons.,,,,,,
F0249,Actinopterygii,Tetraodontiformes,Diodontidae,Diodon hystrix,Porcupinefish,351 352,577,,,,,,,,,,RARE,,,,Salt,0,0,,1,1,,,Shallow coastal waters and coral reefs to depths of about 50ft. Testing import for interview.,,,,,,
