UniqueID,Class,Order,Family,ScientificName,CommonName,REF NWF,REF AUD,MichiganSleepingBear,GreatSmokyMountains,Acadia,YellowstoneGrandTeton,Glacier,JoshuaTree,Zion,Saguaro,MichiganIsleRoyale,Everglades,NorthCascadesOlympic,Redwoods,Yosemite,Habitat,SizeMinimumInches,SizeMaximumInches,Notes,DailyActivity,YearlyActivity,IUCN,Diet,Predators
I0001,Entognatha,Collembola,Neanuridae,Anurida maritima,Seashore Springtail,53,"73, 343",,,UNKNOWN,,,,,,,UNKNOWN,UNKNOWN,UNKNOWN,,"Beach litter between tidemarks, under rocks, or in surface of film of tide pools.",,,,,,,,
I0002,Entognatha,Collembola,Poduridae,Podura aquatica,Water Springtail,53,,UNKNOWN,UNKNOWN,UNKNOWN,UNKNOWN,UNKNOWN,UNKNOWN,UNKNOWN,UNKNOWN,UNKNOWN,UNKNOWN,UNKNOWN,UNKNOWN,UNKNOWN,Found on ponds and lakes and long the edges of slow-moving streams.,,,,,,,,
I0003,Entognatha,Diplura,Japygidae,Metajapyx sp,Japygid Diplurans,54,"83, 348",UNKNOWN,UNKNOWN,UNKNOWN,,,,,,UNKNOWN,UNKNOWN,,,,"Lives under leaves, stones, or logs on the ground, or under bark.",,,,,,,,
I0004,Insecta,Microcoryphia,Machilidae,Pedetontus sp,Jumping Bristletails,55,"86, 350",UNKNOWN,UNKNOWN,UNKNOWN,UNKNOWN,UNKNOWN,UNKNOWN,UNKNOWN,UNKNOWN,UNKNOWN,UNKNOWN,UNKNOWN,UNKNOWN,UNKNOWN,In leaf litter and on rocks.,,,,,,,,
I0005,Insecta,Thysanura,Lepismatidae,Lepisoma saccharina,Silverfish,56,"87, 352",UNKNOWN,UNKNOWN,UNKNOWN,UNKNOWN,UNKNOWN,UNKNOWN,UNKNOWN,UNKNOWN,UNKNOWN,UNKNOWN,UNKNOWN,UNKNOWN,UNKNOWN,"Indoors in warm, dry or damp places, including closets, bookcases, behind baseboards or in bathtubs.",,,,,,,,
I0006,Insecta,Thysanura,Lepismatidae,Thermobia domestica,Firebrat,57,"85, 353",UNKNOWN,UNKNOWN,UNKNOWN,UNKNOWN,UNKNOWN,UNKNOWN,UNKNOWN,UNKNOWN,UNKNOWN,UNKNOWN,UNKNOWN,UNKNOWN,UNKNOWN,"Indoors near warm places, such as ovens, heating pipes and furnaces.",,,,,,,,
I0007,Insecta,Ephemeroptera,Ephemeridae,Ephemera guttulata,Coffinfly,59,"393, 360",UNKNOWN,UNKNOWN,UNKNOWN,,,,,,UNKNOWN,UNKNOWN,,,,Near shallow lakes and quiet bays of rivers with sandy or silty bottoms.,,,,,,,,
I0008,Insecta,Ephemeroptera,Ephemeridae,Hexagenia limbata,Giant Mayfly,59,"392, 361",UNKNOWN,UNKNOWN,UNKNOWN,UNKNOWN,UNKNOWN,,,,UNKNOWN,UNKNOWN,UNKNOWN,UNKNOWN,UNKNOWN,Near large rivers and quiet lakes with sandy or silty bottoms.,,,,,,,,
I0009,Insecta,Ephemeroptera,Baetidae,Callibaetis picta,Small Minnow Mayfly,59,"396, 356",,,,UNKNOWN,UNKNOWN,UNKNOWN,UNKNOWN,UNKNOWN,,,UNKNOWN,UNKNOWN,UNKNOWN,Near shallow flowing water.,,,,,,,,
I0010,Insecta,Odonata,Aeshnidae,Anax junius,Common Green Darter,62,"343 346, 364",UNKNOWN,UNKNOWN,UNKNOWN,UNKNOWN,UNKNOWN,UNKNOWN,UNKNOWN,UNKNOWN,UNKNOWN,UNKNOWN,UNKNOWN,UNKNOWN,UNKNOWN,Near ponds and slow streams. Often perch low in foliage around ponds and other still or slow-moving waters that are fringed with vegetation. Less common in the west.,,,,,,,,
I0011,Insecta,Odonata,Aeshnidae,Anax walsinghami,Giant Darner,62,,,,,,,UNKNOWN,UNKNOWN,UNKNOWN,,,,,,"Found in arid, open country. Females prefer to lay their eggs in ponds, marshes, and canyon streams.",,,,,,,,
I0012,Insecta,Odonata,Aeshnidae,Rhionaeschna multicolor,Blue-Eyed Darner,62,,,,,UNKNOWN,,UNKNOWN,UNKNOWN,UNKNOWN,,,UNKNOWN,UNKNOWN,UNKNOWN,"Females prefer to lay their eggs in warm swamps, ponds, lakes, and other standing waters with emergent and floating vegetation and also along slow-moving streams.",,,,,,,,
I0013,Insecta,Odonata,Gomphidae,Progomphus obscurus,Common Sanddragon,63,,UNKNOWN,UNKNOWN,UNKNOWN,,,,,,UNKNOWN,UNKNOWN,,,,"Can be found by streams, creeks, and small rivers, flying over and around the water in search of prey. It rests on rocks, boulders, logs, or branches.",,,,,,,,
I0014,Insecta,Odonata,Cordulegastridae,Cordulegaster dorsalis,Pacific Spiketail,63,"368, 368",,,,UNKNOWN,UNKNOWN,,UNKNOWN,,,,UNKNOWN,UNKNOWN,UNKNOWN,Near  woodland streams.,,,,,,,,
I0015,Insecta,Odonata,Libellulidae,Libellula lydia,Common Whitetail,64,"347, 378",UNKNOWN,UNKNOWN,UNKNOWN,UNKNOWN,UNKNOWN,UNKNOWN,UNKNOWN,UNKNOWN,UNKNOWN,UNKNOWN,UNKNOWN,UNKNOWN,UNKNOWN,"Near ponds, slow streams, sheltered bays, and reedy shallows. Common and widespread found around standing water and slow-moving streams with muddy bottoms",,,,,,,,
I0016,Insecta,Odonata,Libellulidae,Libellula pulchella,Twelve-Spotted Skimmer,64,"348, 373",UNKNOWN,UNKNOWN,UNKNOWN,UNKNOWN,UNKNOWN,UNKNOWN,UNKNOWN,UNKNOWN,UNKNOWN,,UNKNOWN,UNKNOWN,UNKNOWN,"Near ponds or broad, slow regions of rivers. Live around ponds and marshes and along slow-moving streams where there is abundant emergent vegetation.",,,,,,,,
I0017,Insecta,Odonata,Libellulidae,Libellula saturata,Flame Skimmer,65,"360 376, 374",,,,UNKNOWN,UNKNOWN,,,,,,,UNKNOWN,UNKNOWN,Stagnant small ponds and pools.,,,,,,,,
I0018,Insecta,Odonata,Libellulidae,Erythrodiplax berenice,Seaside Dragonlet,65,,,,UNKNOWN,,,,,,,UNKNOWN,,,,Found along eastern coastlines and in salt marshes and mangrove swamps.,,,,,,,,
I0019,Insecta,Odonata,Libellulidae,Pachydiplax longipennis,Blue Dasher,66,"349, 375",UNKNOWN,UNKNOWN,UNKNOWN,,,UNKNOWN,UNKNOWN,UNKNOWN,UNKNOWN,UNKNOWN,UNKNOWN,UNKNOWN,UNKNOWN,Large ponds and broad streams. Marshes and swamps.,,,,,,,,
I0020,Insecta,Odonata,Libellulidae,Celithemis eponina,Halloween Pennant,67,,UNKNOWN,UNKNOWN,UNKNOWN,,,,,,UNKNOWN,UNKNOWN,,,,"Found near ponds, lakes, marshes, and slow-moving streams bordered with emergent plant growth.",,,,,,,,
I0021,Insecta,Odonata,Libellulidae,Sympetrum corruptum,Variegated Meadowhawk,68,"370, 378",UNKNOWN,UNKNOWN,UNKNOWN,UNKNOWN,UNKNOWN,UNKNOWN,UNKNOWN,UNKNOWN,UNKNOWN,UNKNOWN,UNKNOWN,UNKNOWN,UNKNOWN,"Ponds and slow streams, especially with sandy or gravelly shores.",,,,,,,,
I0022,Insecta,Odonata,Libellulidae,Tramea lacerata,Black Saddlebags,68,"363, 380",UNKNOWN,UNKNOWN,UNKNOWN,,,UNKNOWN,UNKNOWN,UNKNOWN,UNKNOWN,UNKNOWN,UNKNOWN,UNKNOWN,UNKNOWN,"Slow broad rivers with quiet backwaters full of submerged vegetation. Ditches, lakes, marshes, ponds, slow-moving streams.",,,,,,,,
I0023,Insecta,Odonata,Calopterygidae,Calopteryx maculata,Ebony Jewelwing,69,"366, 382",UNKNOWN,UNKNOWN,UNKNOWN,,,,,,UNKNOWN,UNKNOWN,,,,Along edges of slow streams in forests. ,,,,,,,,
I0024,Insecta,Odonata,Calopterygidae,Hetaerina americana,American Redspot,69,"357, 383",UNKNOWN,UNKNOWN,,,,UNKNOWN,UNKNOWN,UNKNOWN,UNKNOWN,,,UNKNOWN,UNKNOWN,Near streams in woods and forests.,,,,,,,,
I0025,Insecta,Odonata,Coenagrionidae,Argia apicalis,Blue-fronted Dancer,71,,UNKNOWN,UNKNOWN,UNKNOWN,UNKNOWN,UNKNOWN,,,,UNKNOWN,UNKNOWN,,,,Commonly found near streams and ponds but may also be seen along riverbanks.,,,,,,,,
I0026,Insecta,Odonata,Coenagrionidae,Argia lugens,Sooty Dancer,71,,,,,,,UNKNOWN,UNKNOWN,UNKNOWN,,,,,,"Usually found along gravelly streambeds and small, rocky rivers.",,,,,,,,
I0027,Insecta,Odonata,Coenagrionidae,Enallagma antennatum,Rainbow Bluet,72,,UNKNOWN,,,UNKNOWN,UNKNOWN,,,,UNKNOWN,,,,,"Prefer open, sunny areas with light to moderate plant cover. Found during summer near slow-moving waters, from brooks to large rivers. They also inhabits the inlets and outlets of small lakes, the edges of larger lakes, and gravel pits, marshes, and reservoirs.",,,,,,,,
I0028,Insecta,Odonata,Coenagrionidae,Enallagma civile,Familiar Bluet,72,,UNKNOWN,UNKNOWN,UNKNOWN,UNKNOWN,UNKNOWN,UNKNOWN,UNKNOWN,UNKNOWN,UNKNOWN,UNKNOWN,UNKNOWN,UNKNOWN,UNKNOWN,"They can be found near small, slow-moving streams, ponds, small lakes, and ditches. Sometimes also in brackish wetlands.",,,,,,,,
I0029,Insecta,Odonata,Coenagrionidae,Hesperagrion heterodoxum,Painted Damsel,73,,,,,,,,UNKNOWN,UNKNOWN,,,,,,Live along both temporary and permanent streams and creeks that have some emergent vegetation. They sometimes perch in numbers on plants and grasses growing along the shore.,,,,,,,,
I0030,Insecta,Odonata,Coenagrionidae,Ischnura ramburii,Ramburs Forktail,73,,,UNKNOWN,UNKNOWN,,,,,,,UNKNOWN,,,,Prefer sunny areas along the edges of ponds and slow-moving streams with emergent vegetation.,,,,,,,,
I0031,Insecta,Blattodea,Polyphagidae,Arenivaga sp,Desert Cockroaches,77,,,,,,,UNKNOWN,UNKNOWN,UNKNOWN,,,,,,"Sometimes common in desert dunes and other dry, scrubby habitats, where they live in molelike burrows just beneath the ground surface.",,,,,,,,
I0032,Insecta,Isoptera,Termospidae,Zootermopsis angusticollis,Pacific Dampwood Termite,79,"308, 400",,,,,,,,,,,UNKNOWN,UNKNOWN,UNKNOWN,"Wooded areas on rotting stumps and moist fallen trees, mostly above the ground. Commonly seen along the cooler, wetter Pacific coast farther norths.",,,,,,,,
I0033,Insecta,Isoptera,Rhinotermitidae,Heterotermes aureus,Termite,,desert 521,,,,,,UNKNOWN,UNKNOWN,UNKNOWN,,,,,,"In wood and in the ground, some species forming soil tubes over vegetation or wood.",,,,,,,,
I0034,Insecta,Isoptera,Rhinotermitidae,Reticulitermes flavipes,Eastern Subterranean Termite,79,"324, 401",UNKNOWN,UNKNOWN,UNKNOWN,,,,,,UNKNOWN,UNKNOWN,,,,Wooded areas or soil and moist wood.,,,,,,,,
I0035,Insecta,Mantodea,Mantidae,Tenodera aridifolia,Chinese Mantid,82,"298, 398",UNKNOWN,UNKNOWN,,,,,,,UNKNOWN,UNKNOWN,,UNKNOWN,UNKNOWN,"Meadows and gardens, on tall herbs, flower clusters, and shrubs. ",,,,,,,,
I0036,Insecta,Mantodea,Mantidae,Mantis religiosa,European Mantid,82,"299 300, 397",UNKNOWN,,UNKNOWN,UNKNOWN,UNKNOWN,,,,UNKNOWN,,UNKNOWN,UNKNOWN,UNKNOWN,"Meadows, on foliage and flowers. ",,,,,,,,
I0037,Insecta,Mantodea,Mantidae,Stagmomantis carolina,Carolina Mantid,83,"302, 397",,UNKNOWN,,,,,,,,UNKNOWN,,,,"Meadows and gardens, on herbs, low shrubs, and flower heads, including goldenrod.",,,,,,,,
I0038,Insecta,Mantodea,Mantidae,Litaneutria obscura,Obscure Ground Mantid,,desert 376,,,,,,UNKNOWN,,UNKNOWN,,,,,,"Aridlands, among dry grasses.",,,,,,,,
I0039,Insecta,Mantodea,Mantidae,Litaneutria minor,Minor Ground Mantid,84,,,,,UNKNOWN,UNKNOWN,UNKNOWN,UNKNOWN,UNKNOWN,,,UNKNOWN,UNKNOWN,UNKNOWN,"Active in open, rocky, sparsely vegetated habitats. Seldom seen on vegetation. ",,,,,,,,
I0040,Insecta,Dermaptera,Forficulidae,Forficula auricularia,European Earwig,87,"88, 409",UNKNOWN,UNKNOWN,UNKNOWN,UNKNOWN,UNKNOWN,UNKNOWN,UNKNOWN,UNKNOWN,UNKNOWN,UNKNOWN,UNKNOWN,UNKNOWN,UNKNOWN,"Dark, damp crevices and ground litter; grasses, herbs, shrubs, trees, and even buildings. ",,,,,,,,
I0041,Insecta,Plecoptera,Pteronarcyidae,Pteronarcys dorsata,American Salmonfly,90,,UNKNOWN,UNKNOWN,UNKNOWN,UNKNOWN,UNKNOWN,,,,UNKNOWN,UNKNOWN,UNKNOWN,UNKNOWN,UNKNOWN,Found in late spring and summer on rocks and vegetation along large streams and rivers.,,,,,,,,
I0042,Insecta,Plecoptera,Taeniopterygidae,Strophopteryx fasciata,Early Brown Stonefly,90,,UNKNOWN,UNKNOWN,UNKNOWN,,,,,,UNKNOWN,,,,,"Found near large streams and rivers, where they rest on vegetation, rocks, bridges, buildings, and fence posts. ",,,,,,,,
I0043,Insecta,Orthoptera,Acrididae,Bootettix argentatus,Creosote Bush Grasshopper,92,"273, 417",,,,,,UNKNOWN,,UNKNOWN,,,,,,Foliage of creosote bush. Arid plains and hillsides in deserts where the bush grows.,,,,,,,,
I0044,Insecta,Orthoptera,Acrididae,Mermiria bivittata,Two-Striped Grasshopper,93,"278, 423",,,,UNKNOWN,UNKNOWN,,,,,,,,,Grasslands.,,,,,,,,
I0045,Insecta,Orthoptera,Acrididae,Dissosteira carolina,Carolina Grasshopper,93,"268, 419",UNKNOWN,UNKNOWN,UNKNOWN,UNKNOWN,UNKNOWN,,UNKNOWN,,,,,,,Roadsides and dry fields.,,,,,,,,
I0046,Insecta,Orthoptera,Acrididae,Trimerotropis pallidipennis,Palid-Winged Grasshopper,93,"261, 427",,,,UNKNOWN,UNKNOWN,UNKNOWN,UNKNOWN,UNKNOWN,,,,UNKNOWN,UNKNOWN,"Open habitats with sandy or gravelly soils, including coasts, grasslands, and high deserts.",,,,,,,,
I0047,Insecta,Orthoptera,Acrididae,Dactylotum bicolor,Pictured Grasshopper,94,"259, 418",,,,,,,,UNKNOWN,,,,,,Desert grasslands.,,,,,,,,
I0048,Insecta,Orthoptera,Acrididae,Poecilotettix pantherinus,Panther-Spotted Grasshopper,94,"276, 423",,,,,,,,UNKNOWN,,,,,,Open habitats.,,,,,,,,
I0049,Insecta,Orthoptera,Acrididae,Schistocerca americana,American Grasshopper,95,"263, 425",UNKNOWN,UNKNOWN,UNKNOWN,,,,,,UNKNOWN,UNKNOWN,,,,Grasslands and forest edges. Pine forests and open oak woodlands.,,,,,,,,
I0050,Insecta,Orthoptera,Acrididae,Schistocerca nitens,Vagrant Grasshopper,95,,,,,,,UNKNOWN,UNKNOWN,UNKNOWN,,,,,,"Lower elevations in deserts, mountains, and riparian habitats.",,,,,,,,
I0051,Insecta,Orthoptera,Acrididae,Brachystola magna,Lubber Grasshopper,95,"262, 418",,,,,,,UNKNOWN,UNKNOWN,,,,,,Rocky and gravelly soil and sparse vegetation.,,,,,,,,
I0052,Insecta,Orthoptera,Acrididae,Taeniopoda eques,Horse Lubber Grasshopper,96,"275, 427",,,,,,,UNKNOWN,UNKNOWN,,,,,,"Arid habitats such as desert scrub, grassland, and mesquite oak woodlands.",,,,,,,,
I0053,Insecta,Orthoptera,Tetrigidae,Tetrix subulata,Awl-Shaped Pygmy Grasshopper,96,,,,,,,,,,,,,UNKNOWN,UNKNOWN,"Moist meadows and wet, sandy soil around lakes.",,,,,,,,
I0054,Insecta,Orthoptera,Tettigoniidae,Pterophylla camellifolia,True Katydid,97,"288, 435",UNKNOWN,UNKNOWN,,,,,,,UNKNOWN,,,,,Woodlands and forests. Dense foliage of high trees.,,,,,,,,
I0055,Insecta,Orthoptera,Tettigoniidae,Insara elegans,Elegant Bush Katydid,98,,,,,,,UNKNOWN,UNKNOWN,UNKNOWN,,,,,,Desert scrub,,,,,,,,
I0056,Insecta,Orthoptera,Tettigoniidae,Anabrus simplex,Mormon Cricket,99,"257, 430",,,,UNKNOWN,UNKNOWN,UNKNOWN,UNKNOWN,UNKNOWN,,,UNKNOWN,UNKNOWN,UNKNOWN,Sagebrush-grass habitats and nearby forest openings to elevations of 11000ft.,,,,,,,,
I0057,Insecta,Orthoptera,Tettigoniidae,Orchelimum gladiator,Gladiator Katydid,99,"272, 433",UNKNOWN,,UNKNOWN,UNKNOWN,UNKNOWN,,,,UNKNOWN,,UNKNOWN,UNKNOWN,,"Meadows, grasslands, and damp prairies.",,,,,,,,
I0058,Insecta,Orthoptera,Gryllidae,Gryllus pennsylvanicus,Field Cricket,100,"252, 439",UNKNOWN,UNKNOWN,UNKNOWN,UNKNOWN,UNKNOWN,UNKNOWN,UNKNOWN,UNKNOWN,UNKNOWN,,UNKNOWN,UNKNOWN,UNKNOWN,"Grassy habitats, where it lives in holes and leaf litter among ground cover and under objects on the ground.",,,,,,,,
I0059,Insecta,Orthoptera,Gryllidae,Oecanthus fultoni,Snowy Tree Cricket,102,"280, 441",UNKNOWN,UNKNOWN,UNKNOWN,UNKNOWN,UNKNOWN,,UNKNOWN,,UNKNOWN,,UNKNOWN,UNKNOWN,UNKNOWN,Deciduous woods and forests.,,,,,,,,
I0060,Insecta,Orthoptera,Gryllotalpidae,Neocurtilla hexadactyla,Northern Mole Cricket,102,"250, 443",UNKNOWN,UNKNOWN,,,,,,,UNKNOWN,UNKNOWN,,,,Moist soil. Usually near water on lawns and fields.,,,,,,,,
I0061,Insecta,Orthoptera,Rhaphidophoridae,Ceuthophilus maculatus,Spotted Camel Cricket,103,"248, 436",UNKNOWN,UNKNOWN,UNKNOWN,,,,,,UNKNOWN,,,,,"Dark places under logs, stones, or bark, or in soil, damp basements, and humid caves.",,,,,,,,
I0062,Insecta,Orthoptera,Stenopelmatidae,Stenopelmatus fuscus,Dark Jerusalem Cricket,103,"247, 437",,,,,,UNKNOWN,UNKNOWN,UNKNOWN,,,,UNKNOWN,UNKNOWN,"Hillsides and valleys, under rocks, on sand dunes, and even in the nests of pack rats.",,,,,,,,
I0063,Insecta,Phasmida,Pseudophastmatidae,Anisomorpha buprestoides,Two-Striped Walkingstick,104,,,,,,,,,,,UNKNOWN,,,,Grasses or brush or under loose bark and other objects on the ground.,,,,,,,,
I0064,Insecta,Phasmida,Heteronemiidae,Diapheromera arizonensis,Arizona Stick Insect,105,,,,,,,,,UNKNOWN,,,,,,Desert shrubs and trees. ,,,,,,,,
I0065,Insecta,Phasmida,Heteronemiidae,Diapheromera femorata,American Walkingstick,105,"295 297, 446",UNKNOWN,UNKNOWN,UNKNOWN,,,,,,UNKNOWN,UNKNOWN,,,,Deciduous woods and forests. Usually found perching on low-growing vegetation. ,,,,,,,,
I0066,Insecta,Hemiptera,Nepidae,Nepa apiculata,Water Scorpion,114,,UNKNOWN,UNKNOWN,,,,,,,UNKNOWN,,,,,"Ponds, grassy streams, and other slow-moving waters. Adults bury themselves in mud during times of drought and in winter.",,,,,,,,
I0067,Insecta,Hemiptera,Nepidae,Ranatra fusca,Brown Water Scorpion,114,"294, 466",UNKNOWN,,UNKNOWN,,UNKNOWN,,,,UNKNOWN,,UNKNOWN,,,"In still waters with emergent vegetation, including ponds and pools in slow-moving streams. ",,,,,,,,
I0068,Insecta,Hemiptera,Belostomatidae,Abedus herberti,Giant Water Bug,115,"102, 463",,,,,,UNKNOWN,UNKNOWN,UNKNOWN,,,,,,"Clear, slow-moving streams and pools.",,,,,,,,
I0069,Insecta,Hemiptera,Belostomatidae,Lethocerus americanus,Giant Water Bug,115,"101, 464",UNKNOWN,UNKNOWN,UNKNOWN,UNKNOWN,UNKNOWN,UNKNOWN,UNKNOWN,UNKNOWN,UNKNOWN,UNKNOWN,UNKNOWN,UNKNOWN,UNKNOWN,"Shallow freshwater ponds and pools, among bottom vegetation. Live in muddy bottoms or heavily vegetated margins of ponds and other still, shallow waters. ",,,,,,,,
I0070,Insecta,Hemiptera,Corixidae,Hesperocorixa vulgaris,Water Boatman,116,,UNKNOWN,UNKNOWN,UNKNOWN,UNKNOWN,UNKNOWN,UNKNOWN,UNKNOWN,UNKNOWN,UNKNOWN,UNKNOWN,UNKNOWN,UNKNOWN,UNKNOWN,"Bottoms of still water bodies with lots of vegetation, including pools and ponds.",,,,,,,,
I0071,Insecta,Hemiptera,Naucoridae,Pelocoris femoratus,Creeping Water Bug,116,,UNKNOWN,,,,,,,,UNKNOWN,UNKNOWN,,,,"Prefer standing water with plenty of aquatic vegetation, such as ponds and swampy pools.",,,,,,,,
I0072,Insecta,Hemiptera,Notonectidae,Notonecta undulata,Common Backswimmer,117,"98, 462",UNKNOWN,UNKNOWN,UNKNOWN,UNKNOWN,UNKNOWN,UNKNOWN,UNKNOWN,UNKNOWN,UNKNOWN,UNKNOWN,UNKNOWN,UNKNOWN,UNKNOWN,Ponds and slow-flowing shallow streams,,,,,,,,
I0073,Insecta,Hemiptera,Gerridae,Gerris remigis,Water Strider,117,"292, 468",UNKNOWN,UNKNOWN,UNKNOWN,UNKNOWN,UNKNOWN,UNKNOWN,UNKNOWN,UNKNOWN,UNKNOWN,,UNKNOWN,UNKNOWN,UNKNOWN,"Surfaces of ponds, slow streams, and other quiet waters.",,,,,,,,
I0074,Insecta,Hemiptera,Tingidae,Corythucha confraterna,Sycamore Lace Bug,118,,UNKNOWN,UNKNOWN,UNKNOWN,,,,,,UNKNOWN,UNKNOWN,,,,"Usually found of sycamore trees along streams, riverbanks, and roadsides.",,,,,,,,
I0075,Insecta,Hemiptera,Miridae,Poecilocapsus lineatus,Four-Lined Plant Bug,118,"156, 472",UNKNOWN,UNKNOWN,UNKNOWN,,,,,,UNKNOWN,UNKNOWN,,,,Gardens and weedy fields.,,,,,,,,
I0076,Insecta,Hemiptera,Miridae,Lygus lineolaris,Tarnished Plant Bug,119,"235, 472",UNKNOWN,UNKNOWN,UNKNOWN,UNKNOWN,UNKNOWN,UNKNOWN,UNKNOWN,UNKNOWN,UNKNOWN,UNKNOWN,UNKNOWN,UNKNOWN,UNKNOWN,"Meadows, gardens.",,,,,,,,
I0077,Insecta,Hemiptera,Reduviidae,Arilus cristatus,Wheel Bug,120,"105, 474",,UNKNOWN,,,,,,,,UNKNOWN,,,,"Shrubs and trees in gardens, parks, and woodland edges.",,,,,,,,
I0078,Insecta,Hemiptera,Reduviidae,Triatoma sanguisuga,Bloodsucking Conenose,120,"120, 474",,UNKNOWN,,,,,,,,UNKNOWN,,,,Nests of small mammals.,,,,,,,,
I0079,Insecta,Hemiptera,Reduviidae,Triatoma protracta,Western Bloodsucking Conenose,120,,,,,,,UNKNOWN,UNKNOWN,UNKNOWN,,,,,,Nests of rodents,,,,,,,,
I0080,Insecta,Hemiptera,Reduviidae,Zelus luridus,Assassin Bug,121,,UNKNOWN,UNKNOWN,UNKNOWN,UNKNOWN,UNKNOWN,UNKNOWN,UNKNOWN,UNKNOWN,UNKNOWN,UNKNOWN,UNKNOWN,UNKNOWN,UNKNOWN,"Low herbaceous growth, shrubs, and deciduous trees in wooded habitats.",,,,,,,,
I0081,Insecta,Hemiptera,Reduviidae,Apiomerus flaviventris,Yellow-bellied Bee Assassin,121,"118 119, 473",,,,,,UNKNOWN,UNKNOWN,UNKNOWN,,,,,,"Open habitats, where they prey on insects on shrubs and flowers",,,,,,,,
I0082,Insecta,Hemiptera,Lygaeidae,Lygaeus kalmii,Small Milkweed Bug,123,"116, 478",UNKNOWN,UNKNOWN,UNKNOWN,UNKNOWN,UNKNOWN,UNKNOWN,UNKNOWN,UNKNOWN,UNKNOWN,,UNKNOWN,UNKNOWN,UNKNOWN,"Meadows, gardens, and fields.",,,,,,,,
I0083,Insecta,Hemiptera,Lygaeidae,Oncopeltus fasciatus,Large Milkweed Bug,123,"115, 479",UNKNOWN,UNKNOWN,UNKNOWN,,,UNKNOWN,UNKNOWN,UNKNOWN,UNKNOWN,UNKNOWN,,,,Meadows and fields.,,,,,,,,
I0084,Insecta,Hemiptera,Largidae,Largus cinctus,Bordered Plant Bug,125,,,,,,,UNKNOWN,UNKNOWN,UNKNOWN,,,,,,"Relatively dry habitats, where they are found walking on the ground or perching on plants.",,,,,,,,
I0085,Insecta,Hemiptera,Coreidae,Thasus neocalifornicus,Giant Mesquite Bug,125,,,,,,,,,UNKNOWN,,,,,,Mesquite trees.,,,,,,,,
I0086,Insecta,Hemiptera,Coreidae,Acanthocephala terminalis,Leaf-Footed Bug,126,,UNKNOWN,UNKNOWN,UNKNOWN,,,,,,UNKNOWN,UNKNOWN,,,,Weedy fields and edges of woodlands.,,,,,,,,
I0087,Insecta,Hemiptera,Coreidae,Leptoglossus clypealis,Western Leaf-Footed Bug,126,,,,,UNKNOWN,,UNKNOWN,UNKNOWN,UNKNOWN,,,,,,Arid regions.,,,,,,,,
I0088,Insecta,Hemiptera,Coreidae,Chelinidea vittiger,Cactus Bug,128,,,,,,,UNKNOWN,UNKNOWN,UNKNOWN,,,,,,Active on prickly pear cacti.,,,,,,,,
I0089,Insecta,Hemiptera,Rhopalidae,Boisea trivittata,Boxelder Bug,128,,UNKNOWN,UNKNOWN,UNKNOWN,,,,,,UNKNOWN,UNKNOWN,,,,Primarily on boxelders but also on other maples as well as oaks.,,,,,,,,
I0090,Insecta,Hemiptera,Rhopalidae,Niesthrea louisianica,Hibiscus Bug,129,,UNKNOWN,UNKNOWN,,,,,UNKNOWN,UNKNOWN,,UNKNOWN,,,,On plants.,,,,,,,,
I0091,Insecta,Hemiptera,Pentatomidae,Murgantia histrionica,Harlequin Bug,129,"152, 486",,UNKNOWN,,,,UNKNOWN,UNKNOWN,UNKNOWN,,UNKNOWN,,,,Gardens and fields.,,,,,,,,
I0092,Insecta,Hemiptera,Pentatomidae,Brochymena quadripustulata,Rough Stink Bug,130,"128, 484",UNKNOWN,UNKNOWN,UNKNOWN,UNKNOWN,UNKNOWN,,UNKNOWN,,UNKNOWN,UNKNOWN,UNKNOWN,UNKNOWN,UNKNOWN,"Orchards and woodlands. Apple, ash, black walnut, cherry, elm, grape, locust, maple, pine, willow, sumac",,,,,,,,
I0093,Insecta,Hemiptera,Pentatomidae,Chlorochroa sayi,Say Stink Bug,130,,,,,UNKNOWN,UNKNOWN,,,,,,,,UNKNOWN,Weedy fields.,,,,,,,,
I0094,Insecta,Hemiptera,Pentatomidae,Banasa dimiata,Stink Bug,131,,UNKNOWN,UNKNOWN,UNKNOWN,UNKNOWN,UNKNOWN,UNKNOWN,UNKNOWN,UNKNOWN,UNKNOWN,UNKNOWN,UNKNOWN,UNKNOWN,UNKNOWN,"On many trees and shrubs, including beeches, hazels, chokeberries, dogwoods, honeysucks, and various fruit trees.",,,,,,,,
I0095,Insecta,Hemiptera,Cicadidae,Magicicada septendecim,Periodical Cicada,132,"291, 490",UNKNOWN,UNKNOWN,,,,,,,,UNKNOWN,,,,"Deciduous and mixed forests, adjacent grasslands.",,,,,,,,
I0096,Insecta,Hemiptera,Cicadidae,Tibicen canicularis,Dog-Day Cicada,133,"290, 491",UNKNOWN,,UNKNOWN,,,,,,UNKNOWN,,,,,Coniferous and mixed forests.,,,,,,,,
I0097,Insecta,Hemiptera,Cicadidae,Tibien dorsata,Grand Western Cicada,133,"289, 492",,,,,,,,UNKNOWN,,,,,,"Plains and deciduous hardwood forests, especially where cottonwoods and boxelders grow.",,,,,,,,
I0098,Insecta,Hemiptera,Cicadidae,Okanagana cruentifera,Bloody Cicada,134,,,,,,,UNKNOWN,UNKNOWN,,,,,UNKNOWN,UNKNOWN,"Dry, shrubby habitats and are found on sagebrush and other shrubs.",,,,,,,,
I0099,Insecta,Hemiptera,Membracidae,Platycotis vittata,Oak Treehopper,134,"109, 493",,,,,,UNKNOWN,UNKNOWN,UNKNOWN,,UNKNOWN,UNKNOWN,UNKNOWN,UNKNOWN,"Deciduous and mixed forests on oak, beech and chestnut trees.",,,,,,,,
I0100,Insecta,Hemiptera,Membracidae,Campylenchia latipes,Thorn-mimic Treehopper,134,"107, 493",UNKNOWN,UNKNOWN,UNKNOWN,UNKNOWN,UNKNOWN,UNKNOWN,UNKNOWN,UNKNOWN,UNKNOWN,UNKNOWN,UNKNOWN,UNKNOWN,UNKNOWN,"Mixed forests and deciduous woodlands, pastures and other grasslands.",,,,,,,,
I0101,Insecta,Hemiptera,Membracidae,Umbonia crassicornis,Thorn Bug,135,,,,,,,,,,,UNKNOWN,,,,Gardens and parks.,,,,,,,,
I0102,Insecta,Hemiptera,Membracidae,Thelia bimaculata,Locust Treehopper,135,"106, 494",UNKNOWN,UNKNOWN,UNKNOWN,,,,,,UNKNOWN,,,,,"Fields, orchards, woodlands, meadows.",,,,,,,,
I0103,Insecta,Hemiptera,Aphrophoridae,Philaenus spumarius,Meadow Spittlebug,136,"65, 495",UNKNOWN,UNKNOWN,UNKNOWN,UNKNOWN,UNKNOWN,,,,UNKNOWN,,UNKNOWN,UNKNOWN,UNKNOWN,Meadows and woodland edges.,,,,,,,,
I0104,Insecta,Hemiptera,Cicadellidae,Oncometopia nigricans,Sharpshooter,136,"114, 498",,,,,,,,,,UNKNOWN,,,,Meadows,,,,,,,,
I0105,Insecta,Hemiptera,Cicadellidae,Erythroneura comes,Eastern Grape Leafhopper,137,"113, 497",UNKNOWN,UNKNOWN,UNKNOWN,,,,,,UNKNOWN,UNKNOWN,,,,"Open fields, woods, and gardens. ",,,,,,,,
I0106,Insecta,Hemiptera,Cicadellidae,Graphocephala coccinea,Scarlet-and-green Leafhopper,137,"112, 497",UNKNOWN,UNKNOWN,UNKNOWN,,,,,,UNKNOWN,,,,,Meadows and gardens. ,,,,,,,,
I0107,Insecta,Hemiptera,Dictyopharidae,Scolops perdix,Partridge Scolops,137,"108, 499",UNKNOWN,UNKNOWN,,,,,,,UNKNOWN,,,,,Meadows and open woods.,,,,,,,,
I0108,Insecta,Hemiptera,Flatidae,Anormenis chloris,Flatid Planthopper,138,,,UNKNOWN,,,,,,,,UNKNOWN,,,,"Parks, gardens, and deciduous woodlands.",,,,,,,,
I0109,Insecta,Hemiptera,Aphididae,Tuberolachnus salignus,Giant Willow Aphid,139,"62, 506",UNKNOWN,UNKNOWN,UNKNOWN,UNKNOWN,UNKNOWN,UNKNOWN,UNKNOWN,UNKNOWN,UNKNOWN,UNKNOWN,UNKNOWN,UNKNOWN,UNKNOWN,Willow groves.,,,,,,,,
I0110,Insecta,Megaloptera,Corydalidae,Chauliodes pectinicornis,Fishfly,145,"329, 521",UNKNOWN,UNKNOWN,UNKNOWN,,,,,,UNKNOWN,UNKNOWN,,,,Vegetation along streams. Rest by day on shrubs and trees.,,,,,,,,
I0111,Insecta,Megaloptera,Corydalidae,Corydalus cornutus,Dobsonfly,146,"332 333, 522",UNKNOWN,UNKNOWN,UNKNOWN,,,,,,UNKNOWN,UNKNOWN,,,,"Close to fast-flowing water, on alders, willows, and other woody vegetation.",,,,,,,,
I0112,Insecta,Megaloptera,Sialidae,Sialis sp,Alderflies,146,"331, 520",UNKNOWN,UNKNOWN,UNKNOWN,UNKNOWN,UNKNOWN,UNKNOWN,UNKNOWN,UNKNOWN,UNKNOWN,UNKNOWN,UNKNOWN,UNKNOWN,UNKNOWN,"Vegetation along rivers, streams, and lakes.",,,,,,,,
I0113,Insecta,Raphidioptera,Inocellidae,Negha inflata,Stigmatic Snakefly,147,,,,,,,,,,,,UNKNOWN,UNKNOWN,UNKNOWN,Found on trees and shrubs in mountainous regions.,,,,,,,,
I0114,Insecta,Neuroptera,Mantispidae,Climaciella brunnea,Brown Mantidfly,149,"305 306, 526",UNKNOWN,,UNKNOWN,UNKNOWN,UNKNOWN,,UNKNOWN,,UNKNOWN,UNKNOWN,UNKNOWN,,,"Fields, marshes, forest edges.",,,,,,,,
I0115,Insecta,Neuroptera,Mantispidae,Plega dactylota,Mantidfly,149,,,,,,,UNKNOWN,UNKNOWN,UNKNOWN,,,,UNKNOWN,UNKNOWN,Mountains and canyons in wooded habitats,,,,,,,,
I0116,Insecta,Neuroptera,Mantispidae,Zeugomantispa minuta,Green Mantidfly,149,,,UNKNOWN,,,,,,,,UNKNOWN,,,,"Woods, parks, gardens.",,,,,,,,
I0117,Insecta,Neuroptera,Chrysopidae,Chrysopa sp,Green Lacewings,151,"336, 528",UNKNOWN,UNKNOWN,UNKNOWN,UNKNOWN,UNKNOWN,UNKNOWN,UNKNOWN,UNKNOWN,UNKNOWN,UNKNOWN,UNKNOWN,UNKNOWN,UNKNOWN,"Lives on foliage in many habitats, including parks, fields, and woodlands.",,,,,,,,
I0118,Insecta,Neuroptera,Polystoechotidae,Polystoechotes punctatus,Spotted Giant Lacewing,150,"330, 530",,,,,UNKNOWN,,,,,,UNKNOWN,UNKNOWN,,Wooded foothill and mountain habitats.,,,,,,,,
I0119,Insecta,Neuroptera,Myrmeleontidae,Myrmeleon sp,Antlions,151,,UNKNOWN,UNKNOWN,UNKNOWN,UNKNOWN,UNKNOWN,UNKNOWN,UNKNOWN,UNKNOWN,UNKNOWN,UNKNOWN,UNKNOWN,UNKNOWN,UNKNOWN,Found in sandy soil in open habitats or under rock faces and overhangs.,,,,,,,,
I0120,Insecta,Coleoptera,Carabidae,Calosoma scrutator,Fiery Searcher,154,"209, 537",UNKNOWN,UNKNOWN,UNKNOWN,UNKNOWN,UNKNOWN,UNKNOWN,UNKNOWN,UNKNOWN,UNKNOWN,UNKNOWN,UNKNOWN,UNKNOWN,UNKNOWN,Occupies a variety of habitats in both open and wooded areas ,,,,,,,,
I0121,Insecta,Coleoptera,Carabidae,Carabus nemoralis,European Ground Beetle,154,"196, 538",UNKNOWN,,UNKNOWN,,UNKNOWN,,,,UNKNOWN,,UNKNOWN,,,Gardens and open woods on sandy soil.,,,,,,,,
I0122,Insecta,Coleoptera,Carabidae,Cicindela oregona,Western Tiger Beetle,156,,,,,UNKNOWN,UNKNOWN,UNKNOWN,UNKNOWN,UNKNOWN,,,UNKNOWN,UNKNOWN,UNKNOWN,"Hunt insects during summer along gravelly or sandy banks or streams and rivers. They are also see on coastal beaches, estuaries, and tidal flats. In deserts on ground between shrubs.",,,,,,,,
I0123,Insecta,Coleoptera,Carabidae,Cicindela repanda,Bronzed Tiger Beetle,156,,UNKNOWN,UNKNOWN,UNKNOWN,,,,,,UNKNOWN,UNKNOWN,,,,"Prey on insects along the edges of ponds, streams, and rivers or on coastal beaches and mudflats.",,,,,,,,
I0124,Insecta,Coleoptera,Carabidae,Cicindela sexguttata,Six-Spotted Tiger Beetle,157,"207, 535",UNKNOWN,UNKNOWN,UNKNOWN,,,,,,UNKNOWN,UNKNOWN,,,,"From mountains to coastal plains, mostly during spring and  summer, these tiger beetles hunt insects on sunny trails, along deciduous woodland edges, and in open areas nearby.",,,,,,,,
I0125,Insecta,Coleoptera,Carabidae,Scarites subterraneus,Big-Headed Ground Beetle,157,,UNKNOWN,UNKNOWN,,,,UNKNOWN,UNKNOWN,UNKNOWN,UNKNOWN,UNKNOWN,,,,Usually found in moist habitats under stones and other objects.,,,,,,,,
I0126,Insecta,Coleoptera,Carabidae,Brachinus sp,Bombardier Beetles,158,"166, 537",UNKNOWN,UNKNOWN,UNKNOWN,UNKNOWN,UNKNOWN,UNKNOWN,UNKNOWN,UNKNOWN,UNKNOWN,UNKNOWN,UNKNOWN,UNKNOWN,UNKNOWN,"Hide under stones and other objects. Moist floodplains of rivers and near lakes, where temporary ponds form after storms.",,,,,,,,
I0127,Insecta,Coleoptera,Carabidae,Pterostichus sp,Ground Beetles,158,"191, 539",UNKNOWN,UNKNOWN,UNKNOWN,UNKNOWN,UNKNOWN,UNKNOWN,UNKNOWN,UNKNOWN,UNKNOWN,UNKNOWN,UNKNOWN,UNKNOWN,UNKNOWN,"Are found in a variety of habitats, including wetlands, open habitats, and forested areas where they are found under rocks, logs, leaf litter, loose bark, and other debris.",,,,,,,,
I0128,Insecta,Coleoptera,Carabidae,Chlaenius sericeus,Green Ground Beetle,159,,UNKNOWN,UNKNOWN,UNKNOWN,UNKNOWN,UNKNOWN,UNKNOWN,UNKNOWN,UNKNOWN,UNKNOWN,UNKNOWN,UNKNOWN,UNKNOWN,UNKNOWN,"Occupy a variety of moist habitats from spring through fall. They are active and night, hiding by day in leaf litter or under stones, logs, or loose bark.",,,,,,,,
I0129,Insecta,Coleoptera,Gyrinidae,Gyrinus sp,Whirligig Beetles,159,"91, 544",UNKNOWN,UNKNOWN,UNKNOWN,UNKNOWN,UNKNOWN,UNKNOWN,UNKNOWN,UNKNOWN,UNKNOWN,UNKNOWN,UNKNOWN,UNKNOWN,UNKNOWN,"Form groups on the surface of ponds, lakes,streams, and rivers but scatter and dive when threatened.",,,,,,,,
I0130,Insecta,Coleoptera,Dytiscidae,Thermonectus marmoratus,Sunburst Diving Beetle,160,"96, 542",,,,,,UNKNOWN,UNKNOWN,UNKNOWN,,,,,,Inhabit slow-moving seasonal streams with rocky bottoms  and little or  no aquatic vegetation.  Also ponds.,,,,,,,,
I0131,Insecta,Coleoptera,Dytiscidae,Dytiscus sp,Predaceous Diving Beetles,160,"95, 541",UNKNOWN,UNKNOWN,UNKNOWN,UNKNOWN,UNKNOWN,UNKNOWN,UNKNOWN,UNKNOWN,UNKNOWN,UNKNOWN,UNKNOWN,UNKNOWN,UNKNOWN,"Ponds, pools, streams, and rivers.",,,,,,,,
I0132,Insecta,Coleoptera,Hydrophilidae,Tropisternus lateralis,Water Scavenger Beetle,162,,UNKNOWN,UNKNOWN,UNKNOWN,UNKNOWN,UNKNOWN,UNKNOWN,UNKNOWN,UNKNOWN,UNKNOWN,UNKNOWN,UNKNOWN,UNKNOWN,UNKNOWN,"Adults overwinter in soil or under rocks in ponds, and then migrate in spring to other bodies of water to breed.",,,,,,,,
I0133,Insecta,Coleoptera,Hydrophilidae,Hydrophilus triangularis,Giant Water Scavenger Beetle,162,"93, 545",UNKNOWN,UNKNOWN,UNKNOWN,UNKNOWN,UNKNOWN,UNKNOWN,UNKNOWN,UNKNOWN,UNKNOWN,UNKNOWN,UNKNOWN,UNKNOWN,UNKNOWN,These beetles inhabit deep ponds and temporary desert rain pools.,,,,,,,,
I0134,Insecta,Coleoptera,Silphidae,Necrophila americana,American Carrion Beetle,164,"174, 550",UNKNOWN,UNKNOWN,UNKNOWN,,,,,,UNKNOWN,UNKNOWN,,,,Active on spring and summer days in wet habitats of both open and forested areas.,,,,,,,,
I0135,Insecta,Coleoptera,Lucanidae,Lucanus capreolus,Stag Beetle,167,,UNKNOWN,UNKNOWN,,,,,,,UNKNOWN,,,,,"This species inhabits suburbs,parks, and hardwood forests.",,,,,,,,
I0136,Insecta,Coleoptera,Lucanidae,Lucanus elaphus,Giant Stag Beetle,168,"217, 552",,UNKNOWN,,,,,,,,,,,,Active in summer in deciduous and mixed  woodlands. Adults and larvae live in oak  stumps and decaying logs.,,,,,,,,
I0137,Insecta,Coleoptera,Lucanidae,Lucanus mazama,Cottonwood Stag Beetle,168,,,,,,,,UNKNOWN,UNKNOWN,,,,,,Active at dusk during summer in wooded canyons and sand dunes.. They can  be found walking along trails and dirt roads or flying low over the ground.,,,,,,,,
I0138,Insecta,Coleoptera,Geotrupidae,Geotrupes splendidus,Earth-Boring Dung Beetle,170,,UNKNOWN,UNKNOWN,UNKNOWN,,,,,,UNKNOWN,,,,,"Live in fields, woodland edges, and other open habitats and are active during spring and fall. Adults dig tunnels beneath decaying fungi, dung, and carrion",,,,,,,,
I0139,Insecta,Coleoptera,Geotrupidae,Bolbocerastes regalis,Regal Earth-Boring Beetle,171,,,,,,,UNKNOWN,UNKNOWN,UNKNOWN,,,,,,"Inhabit the Mojave, Colorado, and Sonoran Deserts. They are nocturnal and attracted to lights, and can also be found in burrows that  they dig in moist sand near  creosote bush or mesquite hammocks.",,,,,,,,
I0140,Insecta,Coleoptera,Scarabaeidae,Phanaeus vindex,Dung Beetle,172,,UNKNOWN,UNKNOWN,UNKNOWN,,,,UNKNOWN,,,UNKNOWN,,,,"Lives in a variety of habitats, including large, open, grassy areas and pine and hardwood forests.",,,,,,,,
I0141,Insecta,Coleoptera,Scarabaeidae,Phyllophaga sp,May Beetles,174,"219, 560",UNKNOWN,UNKNOWN,UNKNOWN,UNKNOWN,UNKNOWN,UNKNOWN,UNKNOWN,UNKNOWN,UNKNOWN,UNKNOWN,UNKNOWN,UNKNOWN,UNKNOWN,"May beetles live in woodlands, mountains, deserts, fields, and other habitats. They are familiar  sights at  night as they buzz  about lights and crash into window  screens.",,,,,,,,
I0142,Insecta,Coleoptera,Scarabaeidae,Polyphylla decemlineata,Ten-Lined June Beetle,174,"242, 561",,,,UNKNOWN,UNKNOWN,UNKNOWN,UNKNOWN,UNKNOWN,,,UNKNOWN,UNKNOWN,UNKNOWN,Forests and woods. Found in foothills and mountains during late spring and  summer. Adults fly at duck and early  evening and are commonly attracted to lights.,,,,,,,,
I0143,Insecta,Coleoptera,Scarabaeidae,Macrodactylus subspinosus,Rose Chafer,175,,UNKNOWN,UNKNOWN,UNKNOWN,,,,,,UNKNOWN,,,,,"Adults  are active on summer days in gardens,  parks, fields, and open areas adjacent  to woodlands.",,,,,,,,
I0144,Insecta,Coleoptera,Scarabaeidae,Popillia japonica,Japanese Beetle,175,"212, 561",UNKNOWN,UNKNOWN,UNKNOWN,,,,,,UNKNOWN,,,,,"Adults live in gardens,   parks, and other  open habitats.",,,,,,,,
I0145,Insecta,Coleoptera,Scarabaeidae,Cotalpa lanigera,Goldsmith Beetle,176,"234, 557",UNKNOWN,UNKNOWN,UNKNOWN,,,,,,UNKNOWN,UNKNOWN,,,,"They are primarily nocturnal, spending  the day on cottonwoods, oaks,hickories, maples, and other host trees.  Woods and adjacent fields.",,,,,,,,
I0146,Insecta,Coleoptera,Scarabaeidae,Pelidnota punctata,Grapevine Beetle,176,"233, 559",UNKNOWN,UNKNOWN,UNKNOWN,,,,,,UNKNOWN,UNKNOWN,,,,"Inhabit gardens, parks, and deciduous woodlands, where adults are seen in summer resting and feeding on grapevines and other plants.",,,,,,,,
I0147,Insecta,Coleoptera,Scarabaeidae,Chrysina gloriosa,Glorious Jewel Scarab,177,,,,,,,,UNKNOWN,UNKNOWN,,,,,,"The coloration of these beetles is actually cryptic: it blends in with the green, scaly foliage of junipers on which they perch  and feed during the day. Adults are active in mountains and canyons in summer and are attracted to lights at night.",,,,,,,,
I0148,Insecta,Coleoptera,Scarabaeidae,Chrysina beyeri,Beyers Jewel Scarab,177,,,,,,,,,UNKNOWN,,,,,,Occupy oak woodlands in mountains and canyons and are active during summer. Adults are seen at night; they feed on the leaves of oak trees and are attracted to lights.,,,,,,,,
I0149,Insecta,Coleoptera,Scarabaeidae,Xyloryctes jamaicensis,Rhinoceros Beetle,178,,,,,,,,,UNKNOWN,,,,,,"Adults are active in various woodlands during summer,  where they are nocturnal and attracted to lights.",,,,,,,,
I0150,Insecta,Coleoptera,Scarabaeidae,Dynastes granti,Southwestern Hercules Beetle,179,,,,,,,UNKNOWN,UNKNOWN,UNKNOWN,,,,,,"Active in canyon woodlands and wooded riparian habitats during summer, where they feed by day on the sap of ash trees.",,,,,,,,
I0151,Insecta,Coleoptera,Scarabaeidae,Dynastes tityus,Eastern Hercules Beetle,179,,,UNKNOWN,,,,,,,,UNKNOWN,,,,Active in hardwood forests during summer. ,,,,,,,,
I0152,Insecta,Coleoptera,Buprestidae,Acmaeodera gibbula,Flower Jewel Beetle,182,,,,,,,UNKNOWN,UNKNOWN,UNKNOWN,,,,,,"Desert regions. May be seen during summer, feeding on flowers or perched on the branches of shrubs.",,,,,,,,
I0153,Insecta,Coleoptera,Buprestidae,Chalcophora angulicollis,Western Pine Borer,,"179, 563",,,,,,UNKNOWN,UNKNOWN,UNKNOWN,,,UNKNOWN,UNKNOWN,UNKNOWN,Coniferous forests,,,,,,,,
I0154,Insecta,Coleoptera,Buprestidae,Chalcophora virginiensis,Large Flathead Pine Heartwood Borer,182,,UNKNOWN,UNKNOWN,UNKNOWN,,,,,,UNKNOWN,,,,,"Adults sun themselves on standing  pines during late spring and summer and will also land on sidewalks,  walls, and brightly clothed people. They breed in dead or dying pines and pine stumps. Larvae tunnel  deep into the heartwood topupate, sometimes causing great injury to living trees.",,,,,,,,
I0155,Insecta,Coleoptera,Buprestidae,Gyascutus caelata,Jewel Beetle,182,,,,,,,,,UNKNOWN,,,,,,Usually found on acacia branches in arid desert flats on hot summer days. ,,,,,,,,
I0156,Insecta,Coleoptera,Buprestidae,Cypriacis aurulenta,Golden Buprestid,183,"210, 563",,,,UNKNOWN,UNKNOWN,,,,,,UNKNOWN,UNKNOWN,UNKNOWN,"Active in coniferous  forests  during summer. Females Lay eggs in and around fire or lightning scars and  wounds on ponderosa  pine, Douglas  fir, and fir and spruce trees.  Larvae are associated with pitchy scars on living trees, but they also develop in stumps, exposed roots, and downed logs. ",,,,,,,,
I0157,Insecta,Coleoptera,Elateridae,Chalcolepidius webbi,Black-and-white Click Beetle,184,,,,,,,UNKNOWN,UNKNOWN,UNKNOWN,,,,,,"Inhabit riparian stands of trees as well as oak woodlands. They are often seen feeding on tall,sapping willows growing along the colorado river.",,,,,,,,
I0158,Insecta,Coleoptera,Elateridae,Alaus melanops,Western Eyed Click Beetle,184,,,,,,,UNKNOWN,UNKNOWN,UNKNOWN,,,UNKNOWN,UNKNOWN,UNKNOWN,Active year round in coniferous and mixed woodlands. ,,,,,,,,
I0159,Insecta,Coleoptera,Elateridae,Chalcolepidius smaragdinus,Emerald Click Beetle,184,,,,,,,UNKNOWN,,UNKNOWN,,,,,,Mesquite woodlands.,,,,,,,,
I0160,Insecta,Coleoptera,Elateridae,Danosoma brevicornis,Click Beetle,185,,UNKNOWN,,UNKNOWN,,UNKNOWN,UNKNOWN,,,UNKNOWN,,UNKNOWN,UNKNOWN,UNKNOWN,Inhabit coniferous forests and  are active throughout summer and during early fall.,,,,,,,,
I0161,Insecta,Coleoptera,Lycidae,Lycus arizonensis,Arizona Net-Winged Beetle,186,,,,,,,,,UNKNOWN,,,,,,"Active  on summer days in canyons and oak and mesquite woodlands, adults may be seen flying or resting on vegetation.",,,,,,,,
I0162,Insecta,Coleoptera,Lycidae,Dictyoptera aurora,Golden Net-Winged Beetle,185,,UNKNOWN,UNKNOWN,UNKNOWN,,,,,,,UNKNOWN,,,,Coniferous forests,,,,,,,,
I0163,Insecta,Coleoptera,Lampyridae,Microphotus angustus,Pink Glow Worm,187,,,,,,,UNKNOWN,UNKNOWN,UNKNOWN,,,UNKNOWN,UNKNOWN,UNKNOWN,"Live in mountains and foothills and are active during summer. Females climb up on rocks, walls, or posts at night.",,,,,,,,
I0164,Insecta,Coleoptera,Lampyridae,Photuris pensylvanica,Firefly,188,"172, 568",,,UNKNOWN,,,,,,UNKNOWN,UNKNOWN,,,,"Found during  summer in gardens, parks, meadows, and woodland edges.",,,,,,,,
I0165,Insecta,Coleoptera,Lampyridae,Photinis pyralis,Big Dipper Firefly,188,"171  173, 567",UNKNOWN,UNKNOWN,,,,,,,,UNKNOWN,,,,"Widespread in open habitats, such as gardens, parks, meadows, and woodland edges.",,,,,,,,
I0166,Insecta,Coleoptera,Cantharidae,Chauliognathus lecontei,Soldier Beetle,189,,,,,,,,,UNKNOWN,,,,,,"Frequently seen on flowers, especially of seep-willow. Adults are active during summer in foothills, mesquite woodlands, and riparian  corridors.",,,,,,,,
I0167,Insecta,Coleoptera,Cantharidae,Chauliognathus pennsylvanicus,Soldier Beetle,189,"162, 569",,UNKNOWN,,,,,,,,UNKNOWN,,,,"Adults are found in gardens, parks, fields, and meadows and along roadsides and woodland edges.",,,,,,,,
I0168,Insecta,Coleoptera,Bostrichidae,Apatides fortis,Twig-Boring Beetle,191,,,,,,,UNKNOWN,UNKNOWN,UNKNOWN,,,,,,"Live in fan  palms growing  around oases; adults emerge at night,  leaving behind dime-size emergence holes in palm trunks",,,,,,,,
I0169,Insecta,Coleoptera,Trogossitidae,Ostoma pippingskoeldi,Bark-Gnawing Beetle,191, ,,,,UNKNOWN,UNKNOWN,,UNKNOWN,,,,UNKNOWN,UNKNOWN,UNKNOWN,Widespread in coniferous forests.,,,,,,,,
I0170,Insecta,Coleoptera,Trogossitidae,Temnoscheila chlorodia,Green Bark Beetle,192,,,,,UNKNOWN,UNKNOWN,UNKNOWN,UNKNOWN,UNKNOWN,,,UNKNOWN,UNKNOWN,UNKNOWN,"Active year-round in deserts, chaparral,  and mountains.",,,,,,,,
I0171,Insecta,Coleoptera,Cucujidae,Cucujus clavipes,Red Flat Bark Beetle,194,,UNKNOWN,UNKNOWN,UNKNOWN,UNKNOWN,UNKNOWN,,,,UNKNOWN,,UNKNOWN,UNKNOWN,UNKNOWN,Live in coniferous forests and deciduous woodlands.,,,,,,,,
I0172,Insecta,Coleoptera,Coccinellidae,Anatis labiculata,Fifteen-spotted Lady Beetle,195,,UNKNOWN,UNKNOWN,,,,,,,UNKNOWN,,,,,"Found from spring through early fall in many wooded habitats, adults and larvae live on coniferous and hardwood trees and prey on aphids.",,,,,,,,
I0173,Insecta,Coleoptera,Coccinellidae,Harmonia axyridis,Multicolored Asian Lady Beetle,196,,UNKNOWN,UNKNOWN,UNKNOWN,UNKNOWN,UNKNOWN,UNKNOWN,UNKNOWN,UNKNOWN,UNKNOWN,UNKNOWN,UNKNOWN,UNKNOWN,UNKNOWN,"Gardens,  parks, meadows, and other open habitat.",,,,,,,,
I0174,Insecta,Coleoptera,Zopheridae,Asbolus verrucosus,Desert Ironclad Beetle,199,,,,,,,UNKNOWN,UNKNOWN,UNKNOWN,,,,,,"Inhabit sandy desert soils, including sand dunes around mesquite and palo verde thickets. They  scavenge plant and animal matter from dusk to early morning and play dead  when disturbed.",,,,,,,,
I0175,Insecta,Coleoptera,Tenebrionidae,Coelocnemis californica,Broad-Necked Darkling Beetle,200,,,,,,,UNKNOWN,UNKNOWN,UNKNOWN,,,UNKNOWN,UNKNOWN,UNKNOWN,"Found year-round  in oak  woodlands  and pine forests, these beetles hide by day under stones, debric,  and loose bark and wander around on the ground at night. Desert and semidesert regions.",,,,,,,,
I0176,Insecta,Coleoptera,Meloidae,Cysteodemus armatus,Inflated Beetle,202,,,,,,,UNKNOWN,UNKNOWN,UNKNOWN,,,,,,"Active in the Mojave and Colorado Deserts during spring. Usually Seen During the warmest part of the day, crawling on the ground or feeding on desert flowers.",,,,,,,,
I0177,Insecta,Coleoptera,Meloidae,Tegrodera aloga,Blister Beetle,203,,,,,,,,,UNKNOWN,,,,,,Arizona  upland of the Sonoran Desert And the lower Colorado Desert. Adults sometimes  form  large feeding and mating aggregations on various desert plants in spring. They are seen mostly on eriastrums and also alfalfa. Deserts,,,,,,,,
I0178,Insecta,Coleoptera,Cerambycidae,Rhagium inquisitor,Ribbed Pine Borer,204,,UNKNOWN,UNKNOWN,UNKNOWN,UNKNOWN,UNKNOWN,UNKNOWN,UNKNOWN,UNKNOWN,UNKNOWN,UNKNOWN,UNKNOWN,UNKNOWN,UNKNOWN,Inhabit pine forests and mixed woodlands  and are active during spring and summer. Adults are found under the  bark of pine  trees.,,,,,,,,
I0179,Insecta,Coleoptera,Cerambycidae,Moneilema gigas,Cactus Longhorn,208,,,,,,,UNKNOWN,UNKNOWN,UNKNOWN,,,,,,"Live on cacti in desert scrub and mesquite woodlands. Adults are active  during summer; they are nocturnal, hiding by day at the base of cholla cacti and crawling to the  tops at night to feed.",,,,,,,,
I0180,Insecta,Coleoptera,Cerambycidae,Rosalia funebris,Banded Alder Borer,206,,,,,,,UNKNOWN,UNKNOWN,UNKNOWN,,,UNKNOWN,UNKNOWN,UNKNOWN,Occupy wooded habitats. ,,,,,,,,
I0181,Insecta,Coleoptera,Chrysomelidae,Deloyala guttata,Mottled Tortoise Beetle,211,,UNKNOWN,UNKNOWN,UNKNOWN,,UNKNOWN,,,,UNKNOWN,UNKNOWN,,UNKNOWN,,"Active in gardens, parks, and meadows and along roadsides during spring and summer. Both adults and larvae feed on plants in the morning-glory family.",,,,,,,,
I0182,Insecta,Coleoptera,Chrysomelidae,Chrysomela scripta,Cottonwood Leaf Beetle,212,,UNKNOWN,UNKNOWN,,,,,,,UNKNOWN,UNKNOWN,,,,"Found in riparian habitats along streams,rivers,  and canyon  bottoms. Adults are active during spring and summer.",,,,,,,,
I0183,Insecta,Coleoptera,Chrysomelidae,Xanthogaleruca luteola,Elm Leaf Beetle,213,,UNKNOWN,UNKNOWN,UNKNOWN,UNKNOWN,UNKNOWN,UNKNOWN,UNKNOWN,UNKNOWN,UNKNOWN,UNKNOWN,UNKNOWN,UNKNOWN,UNKNOWN,Deciduous woodlands.,,,,,,,,
I0184,Insecta,Coleoptera,Curculionidae,Sphenophorus aequalis,Clay-colored Billbug,216,,UNKNOWN,UNKNOWN,UNKNOWN,UNKNOWN,UNKNOWN,UNKNOWN,UNKNOWN,UNKNOWN,UNKNOWN,UNKNOWN,UNKNOWN,UNKNOWN,UNKNOWN,"Found in  stands of tules and other grasses along permanent rivers, streams, and  other wetlands.",,,,,,,,
I0185,Insecta,Coleoptera,Curculionidae,Anthonomus grandis,Boll Weevil,217,,,,,,,,UNKNOWN,UNKNOWN,,,,,,On plants?,,,,,,,,
I0186,Insecta,Coleoptera,Curculionidae,Ophryastes geminatus,Desert Weevil,219,,,,,,,UNKNOWN,UNKNOWN,UNKNOWN,,,,,,"Found in the Great Basin and the Mojave Desert. Active in late winter and early spring;they're foundondaleas. creosote bush, rabbitbrush, buckwheats,and snakeweeds.",,,,,,,,
I0187,Insecta,Coleoptera,Curculionidae,Scolytus ventralis,Fir Engraver,220,,,,,,,UNKNOWN,UNKNOWN,UNKNOWN,,,UNKNOWN,UNKNOWN,UNKNOWN,Fir trees.,,,,,,,,
I0188,Insecta,Coleoptera,Curculionidae,Ips pini,Pine Engraver,220,,UNKNOWN,UNKNOWN,UNKNOWN,UNKNOWN,UNKNOWN,UNKNOWN,UNKNOWN,UNKNOWN,UNKNOWN,,UNKNOWN,UNKNOWN,UNKNOWN,Pine forests.,,,,,,,,
I0189,Insecta,Mecoptera,Bittacidae,Bittacus chlorostigma,Green Stigma Hangingfly,223,,,,,,,,,,,,,UNKNOWN,UNKNOWN,Found in  wet grasslands. Adults are active during spring. They hang from grasses and other herbaceous growth.,,,,,,,,
I0190,Insecta,Diptera,Pediciidae,Pedicia albivitta,Giant Eastern Crane Fly,229,,UNKNOWN,UNKNOWN,,,,,,,UNKNOWN,,,,,,,,,,,,,
I0191,Insecta,Diptera,Tipulidae,Holorusia hespera,Giant Western Crane Fly,229,,,,,,,UNKNOWN,,UNKNOWN,,,UNKNOWN,UNKNOWN,UNKNOWN,,,,,,,,,
I0192,Insecta,Diptera,Ptychopteridae,Bittacomorpha clavipes,Phantom Crane Fly,231,,UNKNOWN,UNKNOWN,UNKNOWN,,,,,,UNKNOWN,UNKNOWN,,,,,,,,,,,,
I0193,Insecta,Diptera,Culicidae,Culiseta inornata,Winter Mosquito,233,,UNKNOWN,UNKNOWN,UNKNOWN,UNKNOWN,UNKNOWN,UNKNOWN,UNKNOWN,UNKNOWN,UNKNOWN,UNKNOWN,UNKNOWN,UNKNOWN,UNKNOWN,,,,,,,,,
I0194,Insecta,Diptera,Simuliidae,Simulium sp,Black Flies,234,,,UNKNOWN,UNKNOWN,UNKNOWN,UNKNOWN,UNKNOWN,UNKNOWN,UNKNOWN,,,UNKNOWN,UNKNOWN,UNKNOWN,,,,,,,,,
I0195,Insecta,Diptera,Tabanidae,Tabanus quinquevittatus,Horse Fly,235,,UNKNOWN,UNKNOWN,UNKNOWN,,,,,,UNKNOWN,UNKNOWN,,,,,,,,,,,,
I0196,Insecta,Diptera,Tabanidae,Chrysops callidus,Deer Fly,237,,UNKNOWN,UNKNOWN,UNKNOWN,UNKNOWN,UNKNOWN,UNKNOWN,UNKNOWN,UNKNOWN,UNKNOWN,UNKNOWN,UNKNOWN,UNKNOWN,UNKNOWN,,,,,,,,,
I0197,Insecta,Diptera,Mydidae,Mydas clavatus,Mydas Fly,239,,UNKNOWN,UNKNOWN,,,,,,,UNKNOWN,UNKNOWN,,,,,,,,,,,,
I0198,Insecta,Diptera,Mydidae,Neomydas pantherinus,Western Mydas Fly,239,,,,,,,,,,,,UNKNOWN,UNKNOWN,UNKNOWN,,,,,,,,,
I0199,Insecta,Diptera,Asilidae,Diogmites sp,Robber Flies,240,,UNKNOWN,UNKNOWN,UNKNOWN,,,,,,UNKNOWN,UNKNOWN,,,,,,,,,,,,
I0200,Insecta,Diptera,Bombyliidae,Exoprosopa sp,Progressive Bee Flies,242,,UNKNOWN,UNKNOWN,UNKNOWN,UNKNOWN,UNKNOWN,UNKNOWN,UNKNOWN,UNKNOWN,UNKNOWN,UNKNOWN,UNKNOWN,UNKNOWN,UNKNOWN,,,,,,,,,
I0201,Insecta,Diptera,Bombyliidae,Hemipenthes sinuosa,Bee Fly,241,,UNKNOWN,UNKNOWN,UNKNOWN,UNKNOWN,UNKNOWN,UNKNOWN,UNKNOWN,UNKNOWN,UNKNOWN,UNKNOWN,UNKNOWN,UNKNOWN,UNKNOWN,,,,,,,,,
I0202,Insecta,Diptera,Syphidae,Copestylum mexicanum',Cactus Fly,244,,,,,,,UNKNOWN,UNKNOWN,UNKNOWN,,,,,,,,,,,,,,
I0203,Insecta,Diptera,Sciomyzidae,Tetanocera sp,Marsh Flies,248,,UNKNOWN,UNKNOWN,UNKNOWN,UNKNOWN,UNKNOWN,UNKNOWN,UNKNOWN,UNKNOWN,UNKNOWN,UNKNOWN,UNKNOWN,UNKNOWN,UNKNOWN,,,,,,,,,
I0204,Insecta,Trichoptera,Limnephilidae,Hesperophylax designatus,Silverstreak Caddisfly,257,,UNKNOWN,,UNKNOWN,UNKNOWN,UNKNOWN,,,,UNKNOWN,,UNKNOWN,UNKNOWN,UNKNOWN,,,,,,,,,
I0205,Insecta,Trichoptera,Limnephilidae,Grammotaulius bettenii,Bettens Silverstreak Caddisfly,257,,,,,UNKNOWN,UNKNOWN,,,,,,UNKNOWN,,,,,,,,,,,
I0206,Insecta,Trichoptera,Hydropsychidae,Macrostemum zebratum,Zebra Caddisfly,257,,UNKNOWN,UNKNOWN,UNKNOWN,,,,,,UNKNOWN,UNKNOWN,UNKNOWN,,,,,,,,,,,
I0207,Insecta,Lepidoptera,Papilionidae,Battus philenor,Pipevine Swallowtail,261,,UNKNOWN,UNKNOWN,,,,UNKNOWN,UNKNOWN,UNKNOWN,UNKNOWN,UNKNOWN,,UNKNOWN,UNKNOWN,,,,,,,,,
I0208,Insecta,Lepidoptera,Papilionidae,Papilio cresphontes,Giant Swallowtail,261,,UNKNOWN,UNKNOWN,UNKNOWN,,,,,,UNKNOWN,UNKNOWN,,,,,,,,,,,,
I0209,Insecta,Lepidoptera,Papilionidae,Papilio rutulus,Western Tiger Swallowtail,262,,,,,UNKNOWN,UNKNOWN,UNKNOWN,UNKNOWN,UNKNOWN,,,UNKNOWN,UNKNOWN,UNKNOWN,,,,,,,,,
I0210,Insecta,Lepidoptera,Papilionidae,Papilio glaucus,Eastern Tiger Swallowtail,263,,UNKNOWN,UNKNOWN,UNKNOWN,,,,,,UNKNOWN,UNKNOWN,,,,,,,,,,,,
I0211,Insecta,Lepidoptera,Papilionidae,Papilio eurymedon,Pale Swallowtail,263,,,,,UNKNOWN,UNKNOWN,,,,,,UNKNOWN,UNKNOWN,UNKNOWN,,,,,,,,,
I0212,Insecta,Lepidoptera,Papilionidae,Papilio polyxenes,Black Swallowtail,264,,UNKNOWN,,UNKNOWN,,,,,UNKNOWN,UNKNOWN,UNKNOWN,,,,,,,,,,,,
I0213,Insecta,Lepidoptera,Papilionidae,Papilio troilus,Spicebush Swallowtail,264,,UNKNOWN,UNKNOWN,,,,,,,UNKNOWN,UNKNOWN,,,,,,,,,,,,
I0214,Insecta,Lepidoptera,Papilionidae,Papilio zelicaon,Anise Swallowtail,265,,,,,,,UNKNOWN,UNKNOWN,UNKNOWN,,,UNKNOWN,UNKNOWN,UNKNOWN,,,,,,,,,
I0215,Insecta,Lepidoptera,Papilionidae,Eurytides marcellus,Zebra Swallowtail,265,,,UNKNOWN,,,,,,,,UNKNOWN,,,,,,,,,,,,
I0216,Insecta,Lepidoptera,Pieridae,Pieris rapae,Cabbage White,266,,UNKNOWN,UNKNOWN,UNKNOWN,UNKNOWN,UNKNOWN,UNKNOWN,UNKNOWN,UNKNOWN,UNKNOWN,UNKNOWN,UNKNOWN,UNKNOWN,UNKNOWN,,,,,,,,,
I0217,Insecta,Lepidoptera,Pieridae,Pontia protodice,Checkered White,266,,UNKNOWN,UNKNOWN,,UNKNOWN,UNKNOWN,UNKNOWN,UNKNOWN,UNKNOWN,UNKNOWN,UNKNOWN,,UNKNOWN,UNKNOWN,,,,,,,,,
I0218,Insecta,Lepidoptera,Pieridae,Colias eurytheme,Orange Sulfur,268,,,UNKNOWN,UNKNOWN,,,UNKNOWN,UNKNOWN,UNKNOWN,,UNKNOWN,UNKNOWN,UNKNOWN,UNKNOWN,,,,,,,,,
I0219,Insecta,Lepidoptera,Pieridae,Colias cesonia,Southern Dogface,269,,,,,,,UNKNOWN,UNKNOWN,UNKNOWN,,UNKNOWN,,,,,,,,,,,,
I0220,Insecta,Lepidoptera,Pieridae,Anthocharis cethura,Desert Orangetip,,desert 527,,,,,,UNKNOWN,UNKNOWN,UNKNOWN,,,,,,"Desert chaparral,  juniper hills,  canyons, ridgeline meadows,  and open  deserts.",,,,,,,,
I0221,Insecta,Lepidoptera,Pieridae,Eurema nicippe,Sleepy Orange,270,,,UNKNOWN,,,,UNKNOWN,UNKNOWN,UNKNOWN,,UNKNOWN,,,,,,,,,,,,
I0222,Insecta,Lepidoptera,Lycaenidae,Lycaena cupreus,Lustrous Copper,272,,,,,UNKNOWN,UNKNOWN,UNKNOWN,UNKNOWN,UNKNOWN,,,UNKNOWN,UNKNOWN,UNKNOWN,,,,,,,,,
I0223,Insecta,Lepidoptera,Lycaenidae,Lycaena heteronea,Blue Copper,272,,,,,UNKNOWN,UNKNOWN,,,,,,UNKNOWN,UNKNOWN,UNKNOWN,,,,,,,,,
I0224,Insecta,Lepidoptera,Lycaenidae,Lycaena phlaeas,American Copper,273,,UNKNOWN,UNKNOWN,UNKNOWN,UNKNOWN,UNKNOWN,,,,UNKNOWN,,,,,,,,,,,,,
I0225,Insecta,Lepidoptera,Lycaenidae,Satyrium calanus,Banded Hairstreak,276,,UNKNOWN,UNKNOWN,UNKNOWN,,,,,,UNKNOWN,,,,,,,,,,,,,
I0226,Insecta,Lepidoptera,Lycaenidae,Satyrium sylvinus,Sylvan Hairstreak,276,,,,,UNKNOWN,UNKNOWN,UNKNOWN,UNKNOWN,UNKNOWN,,,UNKNOWN,UNKNOWN,UNKNOWN,,,,,,,,,
I0227,Insecta,Lepidoptera,Lycaenidae,Callophrys eryphon,Western Pine Elfin,277,,,,,,,,,,,,UNKNOWN,UNKNOWN,UNKNOWN,,,,,,,,,
I0228,Insecta,Lepidoptera,Lycaenidae,Strymon melinus,Gray Hairstreak,277,,UNKNOWN,UNKNOWN,UNKNOWN,UNKNOWN,UNKNOWN,UNKNOWN,UNKNOWN,UNKNOWN,UNKNOWN,UNKNOWN,UNKNOWN,UNKNOWN,UNKNOWN,,,,,,,,,
I0229,Insecta,Lepidoptera,Lycaenidae,Brephidium exile,Western Pygmy-Blue,278,,,,,,,UNKNOWN,UNKNOWN,UNKNOWN,,,,UNKNOWN,UNKNOWN,,,,,,,,,
I0230,Insecta,Lepidoptera,Lycaenidae,Leptotes marina,Marine Blue,278,,,,,,,UNKNOWN,UNKNOWN,UNKNOWN,,,,,,,,,,,,,,
I0231,Insecta,Lepidoptera,Lycaenidae,Everes amyntula,Western Tailed-Blue,279,,,,,,,,,,,,UNKNOWN,UNKNOWN,UNKNOWN,,,,,,,,,
I0232,Insecta,Lepidoptera,Lycaenidae,Euphilotes battoides,Square-Spotted Blue,281,,,,,,,,,,,,UNKNOWN,UNKNOWN,UNKNOWN,,,,,,,,,
I0233,Insecta,Lepidoptera,Lycaenidae,Glaucopsyche lygdamus,Silvery Blue,281,,UNKNOWN,UNKNOWN,UNKNOWN,UNKNOWN,UNKNOWN,,,,UNKNOWN,,UNKNOWN,UNKNOWN,UNKNOWN,,,,,,,,,
I0234,Insecta,Lepidoptera,Lycaenidae,Plebejus acmon,Acmon Blue,282,,UNKNOWN,UNKNOWN,UNKNOWN,,,,,,UNKNOWN,UNKNOWN,,,,,,,,,,,,
I0235,Insecta,Lepidoptera,Lycaenidae,Apodemia mormo,Mormon Metalmark,282,,,,,UNKNOWN,UNKNOWN,UNKNOWN,UNKNOWN,UNKNOWN,,,,UNKNOWN,UNKNOWN,,,,,,,,,
I0236,Insecta,Lepidoptera,Nymphalidae,Agraulis vanillae,Gulf Fritillary,283,,,UNKNOWN,,,,UNKNOWN,,UNKNOWN,,UNKNOWN,,UNKNOWN,UNKNOWN,,,,,,,,,
I0237,Insecta,Lepidoptera,Nymphalidae,Heliconius charithonia,Zebra Heliconian,284,,,,,,,,UNKNOWN,UNKNOWN,,UNKNOWN,,,,,,,,,,,,
I0238,Insecta,Lepidoptera,Nymphalidae,Euptoieta claudia,Variegated Fritillary,284,,UNKNOWN,UNKNOWN,,UNKNOWN,UNKNOWN,UNKNOWN,UNKNOWN,UNKNOWN,UNKNOWN,UNKNOWN,UNKNOWN,,UNKNOWN,,,,,,,,,
I0239,Insecta,Lepidoptera,Nymphalidae,Speyeria cybele,Great Spangled Fritillary,285,,UNKNOWN,UNKNOWN,UNKNOWN,UNKNOWN,UNKNOWN,,,,UNKNOWN,,UNKNOWN,UNKNOWN,UNKNOWN,,,,,,,,,
I0240,Insecta,Lepidoptera,Nymphalidae,Speyeria diana,Diana Fritillary,285,,,UNKNOWN,,,,,,,,,,,,,,,,,,,,
I0241,Insecta,Lepidoptera,Nymphalidae,Chlosyne acastus,Sagebrush Checkerspot,288,,,,,UNKNOWN,UNKNOWN,UNKNOWN,UNKNOWN,UNKNOWN,,,UNKNOWN,UNKNOWN,UNKNOWN,,,,,,,,,
I0242,Insecta,Lepidoptera,Nymphalidae,Euphydryas chalcedona,Variable Checkerspot,289,,,,,UNKNOWN,UNKNOWN,UNKNOWN,UNKNOWN,UNKNOWN,,,UNKNOWN,UNKNOWN,UNKNOWN,,,,,,,,,
I0243,Insecta,Lepidoptera,Nymphalidae,Polygonia interrogationis,Question Mark,291,,UNKNOWN,UNKNOWN,,,,,,UNKNOWN,UNKNOWN,UNKNOWN,,,,,,,,,,,,
I0244,Insecta,Lepidoptera,Nymphalidae,Nymphalis antiopa,Mourning Cloak,292,,UNKNOWN,UNKNOWN,UNKNOWN,UNKNOWN,UNKNOWN,UNKNOWN,UNKNOWN,UNKNOWN,UNKNOWN,,UNKNOWN,UNKNOWN,UNKNOWN,,,,,,,,,
I0245,Insecta,Lepidoptera,Nymphalidae,Nymphalis milberti,Milberts Tortoiseshell,293,,UNKNOWN,,,UNKNOWN,UNKNOWN,,UNKNOWN,,UNKNOWN,,UNKNOWN,UNKNOWN,UNKNOWN,,,,,,,,,
I0246,Insecta,Lepidoptera,Nymphalidae,Vanessa atalanta,Red Admiral,294,,UNKNOWN,UNKNOWN,UNKNOWN,UNKNOWN,UNKNOWN,UNKNOWN,,UNKNOWN,UNKNOWN,UNKNOWN,UNKNOWN,UNKNOWN,UNKNOWN,,,,,,,,,
I0247,Insecta,Lepidoptera,Nymphalidae,Vanessa virginiensis,American Lady,294,,UNKNOWN,UNKNOWN,UNKNOWN,,,UNKNOWN,UNKNOWN,UNKNOWN,UNKNOWN,UNKNOWN,,UNKNOWN,UNKNOWN,,,,,,,,,
I0248,Insecta,Lepidoptera,Nymphalidae,Vanessa cardui,Painted Lady,295,,UNKNOWN,,UNKNOWN,UNKNOWN,UNKNOWN,UNKNOWN,UNKNOWN,UNKNOWN,UNKNOWN,,UNKNOWN,UNKNOWN,UNKNOWN,,,,,,,,,
I0249,Insecta,Lepidoptera,Nymphalidae,Junonia coenia,Common Buckeye,296,,UNKNOWN,UNKNOWN,UNKNOWN,,,UNKNOWN,UNKNOWN,UNKNOWN,UNKNOWN,UNKNOWN,,UNKNOWN,UNKNOWN,,,,,,,,,
I0250,Insecta,Lepidoptera,Nymphalidae,Siproeta stelenes,Malachite,296,,,,,,,,,UNKNOWN,,UNKNOWN,,,,,,,,,,,,
I0251,Insecta,Lepidoptera,Nymphalidae,Limenitis archippus,Viceroy,297,,UNKNOWN,UNKNOWN,,,UNKNOWN,,UNKNOWN,UNKNOWN,UNKNOWN,UNKNOWN,,,,,,,,,,,,
I0252,Insecta,Lepidoptera,Nymphalidae,Limenitis arthemis astyanax,Red-Spotted Purple,297,,UNKNOWN,UNKNOWN,UNKNOWN,,,,,,UNKNOWN,UNKNOWN,,,,,,,,,,,,
I0253,Insecta,Lepidoptera,Nymphalidae,Limenitis arthemis arthemis,White Admiral,298,,UNKNOWN,,UNKNOWN,,UNKNOWN,,,UNKNOWN,UNKNOWN,UNKNOWN,,,,,,,,,,,,
I0254,Insecta,Lepidoptera,Nymphalidae,Limenitis lorquini,Lorquins Admiral,298,,,,,,UNKNOWN,UNKNOWN,UNKNOWN,UNKNOWN,,,UNKNOWN,UNKNOWN,UNKNOWN,,,,,,,,,
I0255,Insecta,Lepidoptera,Nymphalidae,Adelpha bredowii,California Sister,299,,,,,,,UNKNOWN,UNKNOWN,UNKNOWN,,,,UNKNOWN,UNKNOWN,,,,,,,,,
I0256,Insecta,Lepidoptera,Nymphalidae,Asterocampa clyton,Tawny Emperor,300,,UNKNOWN,UNKNOWN,,,,,,,UNKNOWN,UNKNOWN,,,,,,,,,,,,
I0257,Insecta,Lepidoptera,Nymphalidae,Danaus plexippus,Monarch,302,,UNKNOWN,UNKNOWN,,,UNKNOWN,,UNKNOWN,UNKNOWN,UNKNOWN,UNKNOWN,,,UNKNOWN,,,,,,,,,
I0258,Insecta,Lepidoptera,Nymphalidae,Cercyonis pegala,Common Wood-Nymph,303,,UNKNOWN,UNKNOWN,UNKNOWN,UNKNOWN,UNKNOWN,,,,UNKNOWN,,UNKNOWN,UNKNOWN,UNKNOWN,,,,,,,,,
I0259,Insecta,Lepidoptera,Nymphalidae,Megisto cymela,Little Wood-Satyr,303,,UNKNOWN,UNKNOWN,,,,,,,UNKNOWN,UNKNOWN,,,,,,,,,,,,
I0260,Insecta,Lepidoptera,Hesperiidae,Epargyreus clarus,Silver-Spotted Skipper,304,,UNKNOWN,UNKNOWN,UNKNOWN,,,UNKNOWN,,UNKNOWN,UNKNOWN,UNKNOWN,,UNKNOWN,UNKNOWN,,,,,,,,,
I0261,Insecta,Lepidoptera,Hesperiidae,Urbanus proteus,Long-Tailed Skipper,304,,UNKNOWN,UNKNOWN,,,,,,,UNKNOWN,UNKNOWN,,,,,,,,,,,,
I0262,Insecta,Lepidoptera,Hesperiidae,Thorybes pylades,Northern Cloudywing,305,,UNKNOWN,UNKNOWN,,,UNKNOWN,,,UNKNOWN,UNKNOWN,UNKNOWN,,,,,,,,,,,,
I0263,Insecta,Lepidoptera,Hesperiidae,Thorybes bathyllus,Southern Cloudywing,305,,UNKNOWN,,,,,,,,UNKNOWN,UNKNOWN,,,,,,,,,,,,
I0264,Insecta,Lepidoptera,Hesperiidae,Pyrgus communis,Common Checkered-Skipper,306,,UNKNOWN,,UNKNOWN,UNKNOWN,,,,UNKNOWN,UNKNOWN,UNKNOWN,,,UNKNOWN,,,,,,,,,
I0265,Insecta,Lepidoptera,Hesperiidae,Pholisora catullus,Common Sootywing,306,,,UNKNOWN,,UNKNOWN,UNKNOWN,UNKNOWN,UNKNOWN,UNKNOWN,,,UNKNOWN,UNKNOWN,UNKNOWN,,,,,,,,,
I0266,Insecta,Lepidoptera,Yponomeutidae,Yponomeuta multipunctella,American Ermine Moth,311,,UNKNOWN,UNKNOWN,,,,,,,UNKNOWN,UNKNOWN,UNKNOWN,,,,,,,,,,,
I0267,Insecta,Lepidoptera,Yponomeutidae,Atteva punctella,Ailanthus Webworm Moth,311,,UNKNOWN,UNKNOWN,UNKNOWN,,,,,UNKNOWN,UNKNOWN,UNKNOWN,,,,,,,,,,,,
I0268,Insecta,Lepidoptera,Cossidae,Prionoxystus robiniae,Carpenterworm Moth,314,,,UNKNOWN,UNKNOWN,,,UNKNOWN,UNKNOWN,UNKNOWN,,,,,UNKNOWN,,,,,,,,,
I0269,Insecta,Lepidoptera,Zygaenidae,Harrisina americana,Grapeleaf Skeletonizer,315,,UNKNOWN,UNKNOWN,,,,,,,UNKNOWN,UNKNOWN,,,,,,,,,,,,
I0270,Insecta,Lepidoptera,Zygaenidae,Pyromorpha dimidiata,Orange-Patched Smoky Moth,315,,,UNKNOWN,,,,,,,,,,,,,,,,,,,,
I0271,Insecta,Lepidoptera,Limacodidae,Apoda biguttata,Shagreened Slug Moth,315,,UNKNOWN,UNKNOWN,UNKNOWN,,,,,,UNKNOWN,UNKNOWN,,,,,,,,,,,,
I0272,Insecta,Lepidoptera,Limacodidae,Prolimacodes badia,Skiff Moth,316,,UNKNOWN,UNKNOWN,UNKNOWN,,,,,,UNKNOWN,UNKNOWN,,,,,,,,,,,,
I0273,Insecta,Lepidoptera,Limacodidae,Parasa chloris,Smaller Parasa,316,,,,,,,,,UNKNOWN,,,,,,,,,,,,,,
I0274,Insecta,Lepidoptera,Limacodidae,Acharia stimulea,Saddleback Caterpillar,317,,UNKNOWN,UNKNOWN,,,,,,,UNKNOWN,UNKNOWN,,,,,,,,,,,,
I0275,Insecta,Lepidoptera,Drepanidae,Drepana arcuata,Arched Hooktip,318,,UNKNOWN,UNKNOWN,UNKNOWN,,,,,,UNKNOWN,,UNKNOWN,UNKNOWN,UNKNOWN,,,,,,,,,
I0276,Insecta,Lepidoptera,Pyralidae,Galleria mellonella,Greater Wax Moth,318,,,UNKNOWN,,,,UNKNOWN,,UNKNOWN,,UNKNOWN,,,,,,,,,,,,
I0277,Insecta,Lepidoptera,Pterophoridae,Platyptilia carduidactyla,Artichoke Plume Moth,319,,,UNKNOWN,,,,UNKNOWN,,,,,UNKNOWN,,UNKNOWN,,,,,,,,,
I0278,Insecta,Lepidoptera,Geometridae,Campaea perlata,Pale Beauty,320,,UNKNOWN,UNKNOWN,UNKNOWN,,,,,,UNKNOWN,,UNKNOWN,UNKNOWN,UNKNOWN,,,,,,,,,
I0279,Insecta,Lepidoptera,Geometridae,Tetracis cachexiata,White Slant-Line,321,,,UNKNOWN,UNKNOWN,,,,,,,,,,,,,,,,,,,
I0280,Insecta,Lepidoptera,Geometridae,Nemoria sp,Emeralds,321,,UNKNOWN,UNKNOWN,UNKNOWN,UNKNOWN,UNKNOWN,UNKNOWN,UNKNOWN,UNKNOWN,UNKNOWN,UNKNOWN,UNKNOWN,UNKNOWN,UNKNOWN,,,,,,,,,
I0281,Insecta,Lepidoptera,Lasiocampidae,Malacosoma californicum,Western Tent Caterpillar,322,,,,,,,UNKNOWN,UNKNOWN,UNKNOWN,,,,UNKNOWN,UNKNOWN,,,,,,,,,
I0282,Insecta,Lepidoptera,Lasiocampidae,Malacosoma americanum,Eastern Tent Caterpillar,323,,UNKNOWN,UNKNOWN,UNKNOWN,,,,,,UNKNOWN,UNKNOWN,,,,,,,,,,,,
I0283,Insecta,Lepidoptera,Bombycidae,Apatelodes torrefacta,Spotted Apatelodes,324,,UNKNOWN,UNKNOWN,,,,,,,UNKNOWN,UNKNOWN,,,,,,,,,,,,
I0284,Insecta,Lepidoptera,Saturniidae,Citheronia regalis,Regal Moth,324,,,UNKNOWN,,,,,,,,,,,,,,,,,,,,
I0285,Insecta,Lepidoptera,Saturniidae,Anisota senatoria,Orange-striped Oakworm Moth,325,,UNKNOWN,UNKNOWN,,,,,,,UNKNOWN,,,,,,,,,,,,,
I0286,Insecta,Lepidoptera,Saturniidae,Dryocampa rubicunda,Rosy Maple Moth,326,,UNKNOWN,UNKNOWN,UNKNOWN,,,,,,UNKNOWN,UNKNOWN,,,,,,,,,,,,
I0287,Insecta,Lepidoptera,Saturniidae,Hemileuca maia,Buck Moth,327,,,UNKNOWN,,,,,,,,UNKNOWN,,,,,,,,,,,,
I0288,Insecta,Lepidoptera,Saturniidae,Automeris io,Io Moth,327,,UNKNOWN,UNKNOWN,UNKNOWN,,UNKNOWN,,,,UNKNOWN,UNKNOWN,,,,,,,,,,,,
I0289,Insecta,Lepidoptera,Saturniidae,Antheraea polyphemus,Polyphemus Moth,328,,UNKNOWN,UNKNOWN,UNKNOWN,UNKNOWN,UNKNOWN,,,,UNKNOWN,UNKNOWN,UNKNOWN,UNKNOWN,UNKNOWN,,,,,,,,,
I0290,Insecta,Lepidoptera,Saturniidae,Actias luna,Luna Moth,328,,UNKNOWN,UNKNOWN,UNKNOWN,,,,,,UNKNOWN,UNKNOWN,,,,,,,,,,,,
I0291,Insecta,Lepidoptera,Saturniidae,Hyalophora cecropia,Cecropia Moth,329,,UNKNOWN,UNKNOWN,UNKNOWN,,,,,,UNKNOWN,UNKNOWN,,,,,,,,,,,,
I0292,Insecta,Lepidoptera,Sphingidae,Manduca rustica,Rustic Sphinx,330,,,UNKNOWN,,,,UNKNOWN,UNKNOWN,UNKNOWN,,UNKNOWN,,,,,,,,,,,,
I0293,Insecta,Lepidoptera,Sphingidae,Smerinthus cerisyi,One-Eyed Sphinx,331,,UNKNOWN,,UNKNOWN,UNKNOWN,UNKNOWN,UNKNOWN,UNKNOWN,UNKNOWN,UNKNOWN,,UNKNOWN,UNKNOWN,UNKNOWN,,,,,,,,,
I0294,Insecta,Lepidoptera,Sphingidae,Paonias excaecata,Blinded Sphinx,332,,UNKNOWN,UNKNOWN,UNKNOWN,,UNKNOWN,,,,UNKNOWN,UNKNOWN,UNKNOWN,UNKNOWN,UNKNOWN,,,,,,,,,
I0295,Insecta,Lepidoptera,Sphingidae,Pachysphinx occidentalis,Western Poplar Sphinx,332,,,,,UNKNOWN,,UNKNOWN,UNKNOWN,UNKNOWN,,,UNKNOWN,UNKNOWN,UNKNOWN,,,,,,,,,
I0296,Insecta,Lepidoptera,Sphingidae,Hemaris thysbe,Hummingbird Moth,333,,UNKNOWN,,UNKNOWN,,,,,,UNKNOWN,UNKNOWN,UNKNOWN,,,,,,,,,,,
I0297,Insecta,Lepidoptera,Sphingidae,Eumorpha achemon,Achemon Sphinx,333,,UNKNOWN,,,,,UNKNOWN,UNKNOWN,UNKNOWN,UNKNOWN,UNKNOWN,,,UNKNOWN,,,,,,,,,
I0298,Insecta,Lepidoptera,Sphingidae,Eumorpha typhon,Typhon Sphinx,334,,,,,,,,,UNKNOWN,,,,,,,,,,,,,,
I0299,Insecta,Lepidoptera,Sphingidae,Hyles lineata,White-Lined Sphinx,335,,UNKNOWN,UNKNOWN,UNKNOWN,UNKNOWN,UNKNOWN,UNKNOWN,UNKNOWN,UNKNOWN,UNKNOWN,UNKNOWN,UNKNOWN,UNKNOWN,UNKNOWN,,,,,,,,,
I0300,Insecta,Lepidoptera,Noctuidae,Feltia jaculifera,Dingy Cutworm Moth,339,,UNKNOWN,UNKNOWN,UNKNOWN,UNKNOWN,UNKNOWN,UNKNOWN,UNKNOWN,UNKNOWN,UNKNOWN,,UNKNOWN,UNKNOWN,UNKNOWN,,,,,,,,,
I0301,Insecta,Lepidoptera,Noctuidae,Eudryas grata,Beautiful Wood-nymph,340,,UNKNOWN,UNKNOWN,UNKNOWN,,,,,,UNKNOWN,UNKNOWN,,,,,,,,,,,,
I0302,Insecta,Lepidoptera,Noctuidae,Scoliopteryx libatrix,The Herald,342,,UNKNOWN,UNKNOWN,UNKNOWN,,,,,,UNKNOWN,,UNKNOWN,UNKNOWN,UNKNOWN,,,,,,,,,
I0303,Insecta,Lepidoptera,Noctuidae,Catocala amatrix,Sweetheart Underwing,343,,UNKNOWN,UNKNOWN,,,,,,,UNKNOWN,,,,,,,,,,,,,
I0304,Insecta,Lepidoptera,Noctuidae,Catocala relicta,White Underwing,344,,UNKNOWN,,UNKNOWN,,,,,,UNKNOWN,,UNKNOWN,,,,,,,,,,,
I0305,Insecta,Lepidoptera,Arctiidae,Hypoprepia fucosa,Painted Lichen Moth,345,,UNKNOWN,UNKNOWN,UNKNOWN,,,,,,UNKNOWN,UNKNOWN,,,,,,,,,,,,
I0306,Insecta,Lepidoptera,Arctiidae,Estigmene acrea,Saltmarsh Caterpillar Moth,346,,UNKNOWN,UNKNOWN,UNKNOWN,,UNKNOWN,UNKNOWN,UNKNOWN,UNKNOWN,UNKNOWN,UNKNOWN,,,UNKNOWN,,,,,,,,,
I0307,Insecta,Lepidoptera,Arctiidae,Ecpantheria scribonia,Giant Leopard Moth,348,,UNKNOWN,UNKNOWN,,,,,,,UNKNOWN,UNKNOWN,,,,,,,,,,,,
I0308,Insecta,Lepidoptera,Arctiidae,Arctia caja,Great Tiger Moth,348,,,UNKNOWN,,,,,,,,,UNKNOWN,UNKNOWN,UNKNOWN,,,,,,,,,
I0309,Insecta,Lepidoptera,Arctiidae,Arachnis picta,Painted Arachnis,349,,,,,,,UNKNOWN,UNKNOWN,UNKNOWN,,,,,,,,,,,,,,
I0310,Insecta,Lepidoptera,Arctiidae,Grammia arge,Arge Moth,349,,,UNKNOWN,,,,,,,,,,,,,,,,,,,,
I0311,Insecta,Lepidoptera,Arctiidae,Grammia ornata,Ornate Tiger Moth,349,,,,,,,UNKNOWN,UNKNOWN,UNKNOWN,,,UNKNOWN,UNKNOWN,UNKNOWN,,,,,,,,,
I0312,Insecta,Hymenoptera,Ichneumonidae,Megarhyssa macrurus,Ichneumon Wasp,356,,UNKNOWN,UNKNOWN,UNKNOWN,UNKNOWN,UNKNOWN,,UNKNOWN,UNKNOWN,UNKNOWN,UNKNOWN,,,,,,,,,,,,
I0313,Insecta,Hymenoptera,Sphecidae,Sphecius speciosus,Cicada Killer,359,,UNKNOWN,UNKNOWN,UNKNOWN,,UNKNOWN,,,,UNKNOWN,UNKNOWN,,,,,,,,,,,,
I0314,Insecta,Hymenoptera,Sphecidae,Bembix sp,Sand Wasps,360,,UNKNOWN,UNKNOWN,UNKNOWN,UNKNOWN,UNKNOWN,UNKNOWN,UNKNOWN,UNKNOWN,UNKNOWN,UNKNOWN,UNKNOWN,UNKNOWN,UNKNOWN,,,,,,,,,
I0315,Insecta,Hymenoptera,Sphecidae,Ammophila sp,Thread-waisted Wasps,360,,UNKNOWN,UNKNOWN,UNKNOWN,UNKNOWN,UNKNOWN,UNKNOWN,UNKNOWN,UNKNOWN,UNKNOWN,UNKNOWN,UNKNOWN,UNKNOWN,UNKNOWN,,,,,,,,,
I0316,Insecta,Hymenoptera,Sphecidae,Chalybion californicum,Blue Mud Dauber,361,,UNKNOWN,UNKNOWN,UNKNOWN,,UNKNOWN,UNKNOWN,UNKNOWN,UNKNOWN,UNKNOWN,UNKNOWN,UNKNOWN,UNKNOWN,UNKNOWN,,,,,,,,,
I0317,Insecta,Hymenoptera,Andrenidae,Andrena sp,Burrowing Bees,362,,UNKNOWN,UNKNOWN,UNKNOWN,UNKNOWN,UNKNOWN,UNKNOWN,UNKNOWN,UNKNOWN,UNKNOWN,UNKNOWN,UNKNOWN,UNKNOWN,UNKNOWN,,,,,,,,,
I0318,Insecta,Hymenoptera,Apidae,Apis mellifera,Honey Bee,366,,UNKNOWN,UNKNOWN,UNKNOWN,UNKNOWN,UNKNOWN,UNKNOWN,UNKNOWN,UNKNOWN,UNKNOWN,UNKNOWN,UNKNOWN,UNKNOWN,UNKNOWN,,,,,,,,,
I0319,Insecta,Hymenoptera,Apidae,Bombus fervidus,Yellow Bumble Bee,366,,UNKNOWN,UNKNOWN,UNKNOWN,,,UNKNOWN,,,UNKNOWN,UNKNOWN,UNKNOWN,UNKNOWN,UNKNOWN,,,,,,,,,
I0320,Insecta,Hymenoptera,Apidae,Bombus ternarius,Tricolored Bumble Bee,367,,UNKNOWN,UNKNOWN,UNKNOWN,,,,,,UNKNOWN,,,,,,,,,,,,,
I0321,Insecta,Hymenoptera,Apidae,Anthophora sp,Digger Bees,369,,UNKNOWN,UNKNOWN,UNKNOWN,UNKNOWN,UNKNOWN,UNKNOWN,UNKNOWN,UNKNOWN,UNKNOWN,UNKNOWN,UNKNOWN,UNKNOWN,UNKNOWN,,,,,,,,,
I0322,Insecta,Hymenoptera,Mutillidae,Dasymutilla gloriosa,Thistledown Velvet-Ant,,desert 520,,,,,,UNKNOWN,UNKNOWN,UNKNOWN,,,,,,"Arid and  semiarid open land, on the ground, and in low vegetation. Males sometimes around on flowers.",,,,,,,,
I0323,Insecta,Hymenoptera,Mutillidae,Dasymutilla magnifica,Red Velvet Ant,371,,,,,,,UNKNOWN,UNKNOWN,UNKNOWN,,,,,,Arid and semiarid open  lands.,,,,,,,,
I0324,Insecta,Hymenoptera,Pompilidae,Pepsis sp,Tarantula Hawks,372,,,,,,,UNKNOWN,UNKNOWN,UNKNOWN,,UNKNOWN,,,,Dry hillsides and rolling arid plains.,,,,,,,,
I0325,Insecta,Hymenoptera,Vespidae,Dolichovespula maculata,Bald Faced Hornet,373,,UNKNOWN,UNKNOWN,UNKNOWN,UNKNOWN,UNKNOWN,,,,UNKNOWN,UNKNOWN,UNKNOWN,UNKNOWN,UNKNOWN,,,,,,,,,
I0326,Insecta,Hymenoptera,Vespidae,Vespula pensylvanica,Western Yellow Jacket,375,,,,,UNKNOWN,UNKNOWN,UNKNOWN,UNKNOWN,UNKNOWN,,,UNKNOWN,UNKNOWN,UNKNOWN,,,,,,,,,
I0327,Insecta,Hymenoptera,Vespidae,Polistes aurifer,Paper Wasp,375,,,,,UNKNOWN,UNKNOWN,UNKNOWN,UNKNOWN,UNKNOWN,,,UNKNOWN,UNKNOWN,UNKNOWN,,,,,,,,,
I0328,Insecta,Hymenoptera,Formicidae,Camponotus pennsylvanicus,Black Carpenter Ant,378,,UNKNOWN,UNKNOWN,UNKNOWN,,UNKNOWN,,,,UNKNOWN,UNKNOWN,,,,,,,,,,,,
I0329,Insecta,Hymenoptera,Formicidae,Messor pergandei,Black Harvester Ant,377,,,,,,,UNKNOWN,UNKNOWN,UNKNOWN,,,,,,,,,,,,,,
I0330,Insecta,Hymenoptera,Formicidae,Solenopsis invicta,Red Imported Fire Ant,378,,,UNKNOWN,,,,UNKNOWN,UNKNOWN,UNKNOWN,,UNKNOWN,,,,,,,,,,,,
I0331,Insecta,Hymenoptera,Formicidae,Acromyrmex versicolor,Desert Leafcutting Ant,379,,,,,,,UNKNOWN,UNKNOWN,UNKNOWN,,,,,,,,,,,,,,
I0332,Insecta,Hymenoptera,Formicidae,Myrmecocystus sp,Honey Ants,381,,,,,,,UNKNOWN,UNKNOWN,UNKNOWN,,,,,,,,,,,,,,
I0333,Insecta,Hymenoptera,Formicidae,Lasius neoniger,Mound-building Ant,381,,UNKNOWN,UNKNOWN,UNKNOWN,,,,,,UNKNOWN,UNKNOWN,,,,,,,,,,,,
I0334,Chelicerata,Araneae,Ctenizidae,Bothriocyrtum californicum,California Trapdoor Spider,384,,,,,,,,,,,,,,UNKNOWN,,,,,,,,,
I0335,Chelicerata,Araneae,Theraphosidae,Aphonopelma chalcodes,Desert Blonde Tarantula,384,desert 524,,,,,,,UNKNOWN,UNKNOWN,,,,,,Desert soil.,,,,,,,,
I0336,Chelicerata,Araneae,Sicariidae,Loxosceles reclusa,Brown Recluse,385,,,UNKNOWN,,,,,,,,,,,,,,,,,,,,
I0337,Chelicerata,Araneae,Dysderidae,Dysdera crocata,Sowbug Killer,386,,UNKNOWN,UNKNOWN,,UNKNOWN,,UNKNOWN,,UNKNOWN,UNKNOWN,,UNKNOWN,UNKNOWN,UNKNOWN,,,,,,,,,
I0338,Chelicerata,Araneae,Theridiidae,Achaearanea tepidariorum,Common House Spider,387,,UNKNOWN,UNKNOWN,UNKNOWN,UNKNOWN,UNKNOWN,UNKNOWN,UNKNOWN,UNKNOWN,UNKNOWN,UNKNOWN,UNKNOWN,UNKNOWN,UNKNOWN,,,,,,,,,
I0339,Chelicerata,Araneae,Theridiidae,Latrodectus mactans,Southern Black Widow,387,,,UNKNOWN,,,,,,,,UNKNOWN,,,,,,,,,,,,
I0340,Chelicerata,Araneae,Linyphiidae,Frontinella communis,Bowl and Doily Weaver,388,,UNKNOWN,UNKNOWN,UNKNOWN,UNKNOWN,UNKNOWN,UNKNOWN,UNKNOWN,UNKNOWN,UNKNOWN,UNKNOWN,UNKNOWN,UNKNOWN,UNKNOWN,,,,,,,,,
I0341,Chelicerata,Araneae,Linyphiidae,Pityohyphantes costatus,Hammock Spider,388,,UNKNOWN,UNKNOWN,UNKNOWN,UNKNOWN,UNKNOWN,,,,UNKNOWN,,UNKNOWN,UNKNOWN,,,,,,,,,,
I0342,Chelicerata,Araneae,Tetragnathidae,Nephila clavipes,Golden Silk Orbweaver,389,,,UNKNOWN,,,,,,,,UNKNOWN,,,,,,,,,,,,
I0343,Chelicerata,Araneae,Tetragnathidae,Leucauge venusta,Orchard Orbweaver,389,,UNKNOWN,UNKNOWN,UNKNOWN,,,UNKNOWN,,UNKNOWN,UNKNOWN,UNKNOWN,,,,,,,,,,,,
I0344,Chelicerata,Araneae,Araneidae,Araneus trifolium,Shamrock Orbweaver,390,,UNKNOWN,UNKNOWN,UNKNOWN,UNKNOWN,UNKNOWN,UNKNOWN,UNKNOWN,UNKNOWN,UNKNOWN,UNKNOWN,UNKNOWN,UNKNOWN,UNKNOWN,,,,,,,,,
I0345,Chelicerata,Araneae,Araneidae,Argiope argentata,Silver Garden Spider,391,,,,,,,UNKNOWN,UNKNOWN,UNKNOWN,,UNKNOWN,,,,,,,,,,,,
I0346,Chelicerata,Araneae,Araneidae,Agriope auratnia,Yellow Garden Spider,392,,UNKNOWN,UNKNOWN,UNKNOWN,UNKNOWN,UNKNOWN,UNKNOWN,UNKNOWN,UNKNOWN,UNKNOWN,UNKNOWN,UNKNOWN,UNKNOWN,UNKNOWN,,,,,,,,,
I0347,Chelicerata,Araneae,Araneidae,Argiope trifasciata,Banded Garden Spider,392,,UNKNOWN,UNKNOWN,UNKNOWN,UNKNOWN,UNKNOWN,UNKNOWN,UNKNOWN,UNKNOWN,UNKNOWN,UNKNOWN,UNKNOWN,UNKNOWN,UNKNOWN,,,,,,,,,
I0348,Chelicerata,Araneae,Araneidae,Gasteracantha cancriformis,Spiny-backed Orbweaver,392,,,UNKNOWN,,,,UNKNOWN,UNKNOWN,UNKNOWN,,UNKNOWN,,,,,,,,,,,,
I0349,Chelicerata,Araneae,Araneidae,Neoscona crucifera,Spotted Orbweaver,394,,UNKNOWN,UNKNOWN,,,,UNKNOWN,UNKNOWN,UNKNOWN,UNKNOWN,UNKNOWN,,UNKNOWN,UNKNOWN,,,,,,,,,
I0350,Chelicerata,Araneae,Araneidae,Neoscona oaxacensis,Western Spotted Orbweaver,394,,,,,,,UNKNOWN,UNKNOWN,UNKNOWN,,,,,,,,,,,,,,
I0351,Chelicerata,Araneae,Lycosidae,Geolycosa missouriensis,Burrowing Wolf Spider,395,,UNKNOWN,UNKNOWN,,,,,,UNKNOWN,UNKNOWN,,,,,,,,,,,,,
I0352,Chelicerata,Araneae,Lycosidae,Hogna carolinensis,Giant Wolf Spider,395,,UNKNOWN,UNKNOWN,,UNKNOWN,UNKNOWN,,UNKNOWN,UNKNOWN,UNKNOWN,UNKNOWN,,,,,,,,,,,,
I0353,Chelicerata,Araneae,Lycosidae,Lycosa carolinensis,Carolina Wolf Spider,,desert 524,,,,,,UNKNOWN,UNKNOWN,UNKNOWN,,,,,,Open fields on the ground.,,,,,,,,
I0354,Chelicerata,Araneae,Lycosidae,Pardosa sp,Thin-legged Wolf Spiders,396,,UNKNOWN,UNKNOWN,UNKNOWN,UNKNOWN,UNKNOWN,UNKNOWN,UNKNOWN,UNKNOWN,UNKNOWN,UNKNOWN,UNKNOWN,UNKNOWN,UNKNOWN,,,,,,,,,
I0355,Chelicerata,Araneae,Pisauridae,Pisaurina mira,Nursery Web Spider,397,,UNKNOWN,UNKNOWN,UNKNOWN,,,,,,UNKNOWN,UNKNOWN,,,,,,,,,,,,
I0356,Chelicerata,Araneae,Pisauridae,Dolomedes triton,Six-spotted Fishing Spider,396,,UNKNOWN,UNKNOWN,UNKNOWN,,,,,,UNKNOWN,UNKNOWN,,,,,,,,,,,,
I0357,Chelicerata,Araneae,Pisauridae,Dolomedes tenebrosus,Fishing Spider,396,,UNKNOWN,UNKNOWN,UNKNOWN,,,,,,UNKNOWN,UNKNOWN,,,,,,,,,,,,
I0358,Chelicerata,Araneae,Sparassidae,Heteropoda venatoria,Huntsman Spider,399,,,,,,,,,,,UNKNOWN,,,,,,,,,,,,
I0359,Chelicerata,Araneae,Sparassidae,Olios fasciculatus,Golden Huntsman Spider,399,,,,,,,UNKNOWN,UNKNOWN,UNKNOWN,,,,,,,,,,,,,,
I0360,Chelicerata,Araneae,Philodromidae,Philodromus rufus,Philodromid Crab Spider,400,desert 524,UNKNOWN,,UNKNOWN,,UNKNOWN,UNKNOWN,UNKNOWN,UNKNOWN,UNKNOWN,,UNKNOWN,UNKNOWN,UNKNOWN,"Woods on tree bark  and adjacent foliage, or on ground almong litter.",,,,,,,,
I0361,Chelicerata,Araneae,Thomisidae,Misumena vatia,Goldenrod Crab Spider,400,,UNKNOWN,UNKNOWN,UNKNOWN,UNKNOWN,UNKNOWN,UNKNOWN,UNKNOWN,UNKNOWN,UNKNOWN,UNKNOWN,UNKNOWN,UNKNOWN,UNKNOWN,,,,,,,,,
I0362,Chelicerata,Araneae,Thomisidae,Misumenoides formosipes,White-banded Crab Spider,401,,UNKNOWN,UNKNOWN,UNKNOWN,UNKNOWN,UNKNOWN,UNKNOWN,UNKNOWN,UNKNOWN,UNKNOWN,UNKNOWN,UNKNOWN,UNKNOWN,UNKNOWN,,,,,,,,,
I0363,Chelicerata,Araneae,Thomisidae,Misumenops asperatus,Northern Crab Spider,401,,UNKNOWN,UNKNOWN,UNKNOWN,,,,,UNKNOWN,UNKNOWN,UNKNOWN,,,,,,,,,,,,
I0364,Chelicerata,Araneae,Salticidae,Phidippus johnsoni,Johnson Jumper,403,,,,,UNKNOWN,UNKNOWN,UNKNOWN,UNKNOWN,UNKNOWN,,,UNKNOWN,UNKNOWN,UNKNOWN,,,,,,,,,
I0365,Chelicerata,Araneae,Salticidae,Menemerus bivittatus,Gray Wall Jumper,402,,,UNKNOWN,,,,UNKNOWN,UNKNOWN,UNKNOWN,,UNKNOWN,,UNKNOWN,UNKNOWN,,,,,,,,,
I0366,Chelicerata,Araneae,Salticidae,Phidippus apacheanus,Apache Jumping Spider,,desert 525,,,,,,UNKNOWN,UNKNOWN,UNKNOWN,,,,,,Deserts and dry woodlands.,,,,,,,,
I0367,Chelicerata,Araneae,Salticidae,Phidippus audax,Bold Jumping Spider,403,,UNKNOWN,UNKNOWN,UNKNOWN,UNKNOWN,UNKNOWN,UNKNOWN,UNKNOWN,UNKNOWN,UNKNOWN,UNKNOWN,UNKNOWN,UNKNOWN,UNKNOWN,,,,,,,,,
I0368,Chelicerata,Opiliones,Phalangiidae,Phalangium opilio,Brown Harvestmen,405,,UNKNOWN,UNKNOWN,UNKNOWN,UNKNOWN,UNKNOWN,UNKNOWN,UNKNOWN,UNKNOWN,UNKNOWN,UNKNOWN,UNKNOWN,UNKNOWN,UNKNOWN,,,,,,,,,
I0369,Chelicerata,Scorpiones,Buthidae,Centruroides exilicauda,Arizona Bark Scorpion,407,,,,,,,,UNKNOWN,UNKNOWN,,,,,,,,,,,,,,
I0370,Chelicerata,Scorpiones,Buthidae,Centruroides gracilis,Florida Bark Scorpion,407,,,,,,,,,,,UNKNOWN,,,,,,,,,,,,
I0371,Chelicerata,Scorpiones,Chactidae,Uroctonus mordax,Western Forest Scorpion,408,,,,,,,,,,,,UNKNOWN,UNKNOWN,UNKNOWN,,,,,,,,,
I0372,Chelicerata,Scorpiones,Caraboctonidae,Hadrurus arizonensis,Arizona Desert Scorpion,408,desert  522,,,,,,UNKNOWN,UNKNOWN,UNKNOWN,,,,,,"Dark crevices under bark, stones, and  litter on the ground, and on dry abandoned dirt roads.",,,,,,,,
I0373,Chelicerata,Scorpiones,Eremobatidae,Eremobates pallipes,Pale Windscorpion,410,desert  522,,,,,,,UNKNOWN,UNKNOWN,,,,,,Arid And semiarid lands.,,,,,,,,
I0374,Chelicerata,Pseudoscorpiones,Chernetidae,Chernetidae sp,Pseudoscorpion,,desert 523,,,,,,UNKNOWN,UNKNOWN,UNKNOWN,,,,,,"Many different habitats, ranging from woods under leaf litter o r bark to desertshore homes; wherever organic matter is accumulated.",,,,,,,,
I0375,Chelicerata,Amblypygi,Phrynidae,Phrynus marginemaculatus,Spotted Tailless Whipscorpion,411,,,,,,,,,,,UNKNOWN,,,,,,,,,,,,
I0376,Chelicerata,Amblypygi,Thelyphonidae,Mastigoproctus giganteus,Giant Whipscorpion,412,desert523,,,,,,UNKNOWN,UNKNOWN,UNKNOWN,,UNKNOWN,,,,"Outdoors among  debris on soil, under  logs and rotting wood; indoors in humid dark  corners; barely reaching deserts near human habitations.",,,,,,,,
I0377,Chelicerata,Acari,Ixodidae,Dermacentor andersoni,Rocky Mountain Wood Tick,416,,,,,,,UNKNOWN,UNKNOWN,UNKNOWN,,,UNKNOWN,UNKNOWN,UNKNOWN,,,,,,,,,
I0378,Chelicerata,Acari,Ixodidae,Dermacentor variabilis,Common Wood Tick,416,,UNKNOWN,UNKNOWN,UNKNOWN,UNKNOWN,UNKNOWN,UNKNOWN,UNKNOWN,UNKNOWN,UNKNOWN,UNKNOWN,UNKNOWN,UNKNOWN,UNKNOWN,,,,,,,,,
I0379,Chilopoda,Myriapoda,Scolopendridae,Scolopendra polymorpha,Multicolored Centipede,419,,,,,,,UNKNOWN,UNKNOWN,UNKNOWN,,,,UNKNOWN,UNKNOWN,,,,,,,,,
I0380,Chilopoda,Myriapoda,Scolopendridae,Scolopendra heros,Giant Centipede,419,,,,,,,,,UNKNOWN,,,,,,,,,,,,,,
I0381,Chilopoda,Myriapoda,Scolopendridae,Hemiscolopendra marginata,Scolopendrid Centipede,420,,,,,,,,,,,UNKNOWN,,,,,,,,,,,,
I0382,Diplopoda,Myriapoda,Spirobolidae,Narceus americanus,Spirobolid Millipede,423,,,,,,,,,,,UNKNOWN,,,,,,,,,,,,
I0383,Diplopoda,Myriapoda,Spirobolidae,Orthoporus ornatus,Desert Millipede,424,desert 521,,,,,,,,UNKNOWN,,,,,,A variety of vegetation types in Sonoran deserts.,,,,,,,,
I0384,Brachiopoda,Notostraca,Triopsidae,Triops longicaudatus,Long-tailed Tadpole Shrimp,427,,,,,UNKNOWN,UNKNOWN,UNKNOWN,UNKNOWN,UNKNOWN,,,UNKNOWN,UNKNOWN,UNKNOWN,,,,,,,,,
I0385,Thecostraca,Pollicipedomorpha,Pollicipedidae,Pollicipes polymerus,Gooseneck barnacle,,,,,,,,,,,,,,UNKNOWN,,,,,,,,,,
I0386,Thecostraca,Balanomorpha,Balanidae,Semibalanus balanoides,Rock Barnacle,,,,,UNKNOWN,,,,,,,,,UNKNOWN,,,,,,,,,,
I0387,Thecostraca,Balanomorpha,Balanidae,Balanus nubilus,Giant Acorn Barnacle,,,,,,,,,,,,,,UNKNOWN,,,,,,,,,,
I0388,Thecostraca,Balanomorpha,Balanidae,Balanus glandula,Acorn Barnacles,,,,,,,,,,,,,,UNKNOWN,,,,,,,,,,
I0389,Brachiopoda,Notostraca,Limnadiidae,Cyzicus californicus,California Clam Shrimp,427,,,,UNKNOWN,,,,,,,,UNKNOWN,UNKNOWN,,,,,,,,,,
I0390,Malacostraca,Isopoda,Porcellionidae,Porcellio scaber,Rough Sowbug,431,,UNKNOWN,UNKNOWN,UNKNOWN,UNKNOWN,UNKNOWN,UNKNOWN,UNKNOWN,UNKNOWN,UNKNOWN,UNKNOWN,UNKNOWN,UNKNOWN,UNKNOWN,,,,,,,,,
I0391,Malacostraca,Isopoda,Armadillodiidae,Armadillidium vulgare,Common Pillbug,431,,UNKNOWN,UNKNOWN,UNKNOWN,UNKNOWN,UNKNOWN,UNKNOWN,UNKNOWN,UNKNOWN,UNKNOWN,UNKNOWN,UNKNOWN,UNKNOWN,UNKNOWN,,,,,,,,,
I0392,Malacostraca,Decapoda,Atyidae,Palaemonias ganteri,Kentucky Cave Shrimp,,,,,,,,,,,,,,,,,,,,,,,,
I0393,Malacostraca,Decapoda,Crangonidae,Crangon septemspinosa,Sand Shrimp,,,,,UNKNOWN,,,,,,,,,,,,,,,,,,,
I0394,Malacostraca,Decapoda,Palaemonidae,Palaemonetes paludosus,Riverine Grass Shrimp,,,,,,,,,,,,UNKNOWN,,,,,,,,,,,,
I0395,Malacostraca,Decapoda,Cambaridae,Cambarus diogenes,Devil Crayfish,432,,UNKNOWN,,UNKNOWN,,,,,,UNKNOWN,UNKNOWN,,,,,,,,,,,,
I0396,Malacostraca,Decapoda,Cambaridae,Orconectes rusticus,Rusty Crayfish,432,,UNKNOWN,,UNKNOWN,UNKNOWN,UNKNOWN,,,,UNKNOWN,,,,,,,,,,,,,
I0397,Malacostraca,Decapoda,Cambaridae,Procambarus alleni),Blue crayfish,,,,,,,,,,,,UNKNOWN,,,,,,,,,,,,
I0398,Malacostraca,Decapoda,Cancridae,Cancer magister,Dungeness crab,,,,,,,,,,,,,UNKNOWN,UNKNOWN,,,,,,,,,,
I0399,Malacostraca,Decapoda,Cancridae,Cancer oregonensis,Pygmy Rock Crab,,,,,,,,,,,,,UNKNOWN,UNKNOWN,,,,,,,,,,
I0400,Malacostraca,Decapoda,Cancridae,Cancer productus,Red Rock Crab,,,,,,,,,,,,,UNKNOWN,UNKNOWN,,,,,,,,,,
I0401,Malacostraca,Decapoda,Cancridae,Cancer irroratus,Atlantic Rock Crab,,,,,UNKNOWN,,,,,,,,,,,,,,,,,,,
I0402,Malacostraca,Decapoda,Cancridae,Cancer borealis,Jonah Crab,,,,,UNKNOWN,,,,,,,,,,,,,,,,,,,
I0403,Malacostraca,Decapoda,Oregoniidae,Hyas araneus,Great Spider Crab,,,,,UNKNOWN,,,,,,,,,,,,,,,,,,,
I0404,Malacostraca,Decapoda,Sesarmidae,Aratus pisonii,Mangrove Tree Crab,,,,,,,,,,,,UNKNOWN,,,,,,,,,,,,
I0405,Malacostraca,Decapoda,Gecarcinidae,Cardisoma guanhumi,Blue Land Crab,,,,,,,,,,,,UNKNOWN,,,,,,,,,,,,
I0406,Malacostraca,Decapoda,Epialtidae,Pugettia producta,Northern Kelp Crab,,,,,,,,,,,,,,UNKNOWN,,,,,,,,,,
I0407,Malacostraca,Decapoda,Grapsidae,Pachygrapsus crassipes,Striped Shore Crab,,,,,,,,,,,,,,UNKNOWN,,,,,,,,,,
I0408,Malacostraca,Decapoda,Hippidae,Emerita analoga,Pacific sand crab,,,,,,,,,,,,,,UNKNOWN,,,,,,,,,,
I0409,Malacostraca,Decapoda,Porcellanidae,Petrolisthes eriomerus,Flat porcelain crab,,,,,,,,,,,,,,UNKNOWN,,,,,,,,,,
I0410,Malacostraca,Decapoda,Portunidae,Carcinus maenas,Green Shore Crab,,,,,UNKNOWN,,,,,,,,,UNKNOWN,,,,,,,,,,
I0411,Malacostraca,Decapoda,Paguridae,Pagurus sp,Hermit Crab,,,,,UNKNOWN,,,,,,,,,UNKNOWN,,,,,,,,,,
I0412,Malacostraca,Decapoda,Varunidae,Hemigrapsus nudus,Purple shore crab,,,,,,,,,,,,,,UNKNOWN,,,,,,,,,,
I0413,Clitellata,Arhynchobdellida,Hirudinidae,Hirudinea sp,Leech,,,UNKNOWN,UNKNOWN,UNKNOWN,UNKNOWN,UNKNOWN,,,,UNKNOWN,UNKNOWN,UNKNOWN,UNKNOWN,UNKNOWN,,,,,,,,,
I0414,Clitellata,Opisthopora,Opisthopora,Lumbricina sp,Earthworm,,,UNKNOWN,UNKNOWN,UNKNOWN,UNKNOWN,UNKNOWN,UNKNOWN,UNKNOWN,UNKNOWN,UNKNOWN,UNKNOWN,UNKNOWN,UNKNOWN,UNKNOWN,,,,,,,,,
I0415,Bivalvia,Mytilida,Mytilidae,Mytilus californianus,California mussel,,,,,,,,,,,,,,UNKNOWN,,,,,,,,,,
I0416,Bivalvia,Mytilida,Mytilidae,Mytilus edulis,Blue mussel,,,,,UNKNOWN,,,,,,,,,UNKNOWN,,,,,,,,,,
I0417,Gastropoda,Nudibranchia,Cadlinidae,Cadlina luteomarginata,Yellow-Edged Cadlina,,,,,,,,,,,,,,UNKNOWN,,,,,,,,,,
I0418,Gastropoda,Nudibranchia,Aeolidiidae,Aeolidia papillosa,Common Grey Sea Slug,,,,,UNKNOWN,,,,,,,,,UNKNOWN,,,,,,,,,,
I0419,Gastropoda,Nudibranchia,Trinchesiidae,Diaphoreolis viridis,Green Aeolis Nudibranch,,,,,UNKNOWN,,,,,,,,,,,,,,,,,,,
I0420,Gastropoda,Nudibranchia,Dironidae,Dirona albolineata,White-Lined Dirona,,,,,,,,,,,,,,UNKNOWN,,,,,,,,,,
I0421,Gastropoda,Nudibranchia,Facelinidae,Hermissenda crassicornis,Opalescent Nudibranch,,,,,,,,,,,,,,UNKNOWN,,,,,,,,,,
I0422,Gastropoda,Nudibranchia,Polyceridae,Triopha maculata,Spotted Triopha,,,,,,,,,,,,,,UNKNOWN,,,,,,,,,,
I0423,Gastropoda,Nudibranchia,Dendronotidae,Dendronotus frondosus,Bushy Backed Nudibranch,,,,,UNKNOWN,,,,,,,,,UNKNOWN,,,,,,,,,,
I0424,Gastropoda,Lottioidea,Lottiidae,Collisella sp,Limpets,,,,,UNKNOWN,,,,,,,,,UNKNOWN,,,,,,,,,,
I0425,Gastropoda,Littorinoidea,Littorinidae,Littorina scutulata,Periwinkle Snail ,,,,,UNKNOWN,,,,,,,,,UNKNOWN,,,,,,,,,,
I0426,Gastropoda,Trochida,Tegulidae,Tegula funebralis,Black Turban Snail,,,,,,,,,,,,,,UNKNOWN,,,,,,,,,,
I0427,Gastropoda,Neogastropoda,Muricidae,Nucella lapillus,Dog Whelk,,,,,UNKNOWN,,,,,,,,,,,,,,,,,,,
I0428,Gastropoda,Neogastropoda,Buccinidae,Lirabuccinum dirum,Dire Whelk,,,,,,,,,,,,,,UNKNOWN,,,,,,,,,,
I0429,Gastropoda,Stylommatophora,Arionidae,Ariolimax columbianus,Banana slug,,,,,,,,,,,,,UNKNOWN,UNKNOWN,UNKNOWN,,,,,,,,,
I0430,Gastropoda,Cephalopoda,Octopoda,Octopus rubescens,East Pacific Red Octopus,,,,,,,,,,,,,,UNKNOWN,,,,,,,,,,
I0431,Gastropoda,Cephalopoda,Octopoda,Enteroctopus dofleini,Giant Pacific Octopus,,,,,,,,,,,,,,UNKNOWN,,,,,,,,,,
I0432,Polyplacophora,Neoloricata,Mopaliidae,Katharina tunicata,Black Leather Chiton,,,,,,,,,,,,,,UNKNOWN,,,,,,,,,,
I0433,Polyplacophora,Neoloricata,Ischnochitonidae,Tonicella rubra,Northern Red Chiton,,,,,UNKNOWN,,,,,,,,,UNKNOWN,,,,,,,,,,
I0434,Asteroidea,Forcipulatida,Asteriidae,Pisaster ochraceus,Purple Sea Star,,,,,,,,,,,,,,UNKNOWN,,,,,,,,,,
I0435,Asteroidea,Forcipulatida,Asteriidae,Asterias rubens,Common Starfish,,,,,UNKNOWN,,,,,,,,,,,,,,,,,,,
I0436,Asteroidea,Forcipulatida,Asteriidae,Asterias forbesi,Forbes Sea Star,,,,,UNKNOWN,,,,,,,,,,,,,,,,,,,
I0437,Asteroidea,Velatida,Solasteridae,Crossaster papposus,Common Sunstar,,,,,UNKNOWN,,,,,,,,,,,,,,,,,,,
I0438,Asteroidea,Velatida,Solasteridae,Solaster endeca,Northern Sunstar,,,,,UNKNOWN,,,,,,,,,,,,,,,,,,,
I0439,Holothuroidea,Dendrochirotida,Sclerodactylidae,Eupentacta quinquesemita,White Sea Cucumber,,,,,,,,,,,,,,UNKNOWN,,,,,,,,,,
I0440,Holothuroidea,Dendrochirotida,Cucumariidae,Cucumaria frondosa,Orange-Footed Sea Cucumber,,,,,UNKNOWN,,,,,,,,,,,,,,,,,,,
I0441,Echinoidea,Echinoida,Strongylocentrotidae,Strongylocentrotus droebachiensis,Green Sea Urchin,,,,,UNKNOWN,,,,,,,,,,,,,,,,,,,
I0442,Echinoidea,Echinoida,Strongylocentrotidae,Strongylocentrotus purpuratus,Purple Sea Urchin,,,,,,,,,,,,,,UNKNOWN,,,,,,,,,,
I0443,Echinoidea,Echinoida,Strongylocentrotidae,Mesocentrotus franciscanus,Red Sea Urchin,,,,,,,,,,,,,,UNKNOWN,,,,,,,,,,
I0444,Hexacorallia,Actiniaria,Actiniidae,Anthopleura elegantissima,Aggregating Anemone,,,,,,,,,,,,,,UNKNOWN,,,,,,,,,,
I0445,Hexacorallia,Actiniaria,Actiniidae,Bunodactis stella,Silver Spotted Anemone,,,,,UNKNOWN,,,,,,,,,,,,,,,,,,,
I0446,Hexacorallia,Actiniaria,Actiniidae,Urticina felina,Dahlia Anemone,,,,,UNKNOWN,,,,,,,,,,,,,,,,,,,
I0447,Scyphozoa,Semaeostomeae,Ulmaridae,Aurelia aurita,Common Jellyfish,,,,,UNKNOWN,,,,,,,,,,,,,,,,,,,
I0448,Scyphozoa,Semaeostomeae,Pelagiidae,Chrysaora fuscescens,Pacific Sea Nettle,,,,,,,,,,,,,,UNKNOWN,,,,,,,,,,
