UniqueID,Class,Order,Family,ScientificName,CommonName,Plate,Ref,MichiganSleepingBear,GreatSmokyMountains,Acadia,YellowstoneGrandTeton,Glacier,JoshuaTree,Zion,Saguaro,MichiganIsleRoyale,Everglades,NorthCascadesOlympic,Redwoods,Yosemite,Habitat,Measurements,Sign,Notes,DailyActivity,YearlyActivity,IUCN,Diet,Predators
M0001,Mammalia,Didelphimorphia,Didelphidae,Didelphis virginiana,Virginia Opossum,234 - 238,274,COMMON,COMMON,,,,,,,,UNCOMMON,N / COMMON,COMMON,,"Deciduous forests, open woods, brushy wastelands, and farmlands",,,,,,,,
M0002,Mammalia,Soricomorpha,Soricidae,Sorex bendirii,Pacific Water Shrew,1,281,,,,,,,,,,,RARE / RARE,RARE,,Marshes and streamsides; sometimes moist forests.,,,,,,,,
M0003,Mammalia,Soricomorpha,Soricidae,Sorex cinereus,Masked Shrew,2,282,COMMON,COMMON,ABUNDANT,COMMON/COMMON,COMMON,,,,,,RARE / RARE,,,"Most common in moist fields, bogs, marshes, and moist woods. ",,,,,,,,
M0004,Mammalia,Soricomorpha,Soricidae,Sorex monticolus,Dusky Shrew,,290,,,,UNCOMMON/COMMON,COMMON,,UNCOMMON,,,,COMMON / COMMON,,COMMON,Forests near streams; wet meadows with sedges or willows.,,,,,,,,
M0005,Mammalia,Soricomorpha,Soricidae,Sorex palustris,Water Shrew,,293,UNCOMMON,RARE,UNCOMMON,UNCOMMON,UNCOMMON,,UNCOMMON,,,,UNCOMMON/ UNCOMMON,,RARE,"Among boulders along mountain streams, or in sphagnum moss along lakes.",,,,,,,,
M0006,Mammalia,Soricomorpha,Soricidae,Sorex trowbridgii,Trowbridges Shrew,9,295,,,,,,,,,,,COMMON / COMMON,UNCOMMON,RARE,Mature forests of West Coast.,,,,,,,,
M0007,Mammalia,Soricomorpha,Soricidae,Sorex vagrans,Wandering Shrew,10,297,,,,N/UNCOMMON,COMMON,,,,,,COMMON / COMMON,UNKNOWN,,Mixed forests.,,,,,,,,
M0008,Mammalia,Soricomorpha,Soricidae,Sorex hoyi,Pygmy Shrew,5,286,UNKNOWN,UNCOMMON,COMMON,,UNKNOWN,,,,,,,,,"Deep woods; open, brushy fields; moist sphagnum moss bogs.",,,,,,,,
M0009,Mammalia,Soricomorpha,Soricidae,Blarina brevicauda,Northern Short-Tailed Shrew,"11, 12",298,COMMON,COMMON,UNCOMMON,,,,,,,,,,,"A variety of habitats. In north, more confined to woods and wet areas.",,,,,,,,
M0010,Mammalia,Soricomorpha,Soricidae,Notiosorex crawfordi,Desert Shrew,15,301,,,,,,RARE,UNKNOWN,UNKNOWN,,,,,,"Arid regions, especially in areas dominated by sagebrush and prickly pear. Sometimes found in woodrat nests or in large masses of vegetation at the base of agave, cactus, or other plants in desert areas.",,,,,,,,
M0011,Mammalia,Soricomorpha,Talpidae,Scapanus orarius,Coast Mole,17,305,,,,,,,,,,,UNCOMMON / COMMON,UNKNOWN,,Moist deciduous woods.,,,,,,,,
M0012,Mammalia,Soricomorpha,Talpidae,Scalopus aquaticus,Eastern Mole,21 22,308,COMMON,UNCOMMON,,,,,,,,UNKNOWN,,,,"Open fields, waste areas, and sometimes woods, in well-drained soils.",,,,,,,,
M0013,Mammalia,Soricomorpha,Talpidae,Condylura cristata,StarNosed Mole,19 20,309,UNCOMMON ,RARE,COMMON,,,,,,,,,,,"Wet woods, fields, or swamps; sometimes relatively dry areas",,,,,,,,
M0014,Mammalia,Chiroptera,Phyllostomidae,Macrotus californicus,California Leaf-Nosed Bat,24,317,,,,,,UNKNOWN,UNKNOWN,UNKNOWN,,,,,,"Desert scrub. By day, roosts in abandoned mine tunnels.",,,,,,,,
M0015,Mammalia,Chiroptera,Vespertilionidae,Myotis californicus,California Myotis,29,327,,,,,,COMMON,UNKNOWN,UNKNOWN,,,,,,"Desert to semi-desert areas; in Southwest, rocky canyons.",,,,,,,,
M0016,Mammalia,Chiroptera,Vespertilionidae,Myotis evotis,Long-Eared Myotis,32,329,,,,UNCOMMON,UNKNOWN,,,,,,UNCOMMON / UNCOMMON,UNKNOWN,UNCOMMON,"Variety of habitats, from sage to high-altitude coniferous forests; mostly found in forested regions.",,,,,,,,
M0017,Mammalia,Chiroptera,Vespertilionidae,Myotis lucifugus,Little Brown Myotis,37 38,332,COMMON,RARE,COMMON,ABUNDANT,UNKNOWN,,UNKNOWN,,UNKNOWN,,COMMON / COMMON,UNKNOWN,UNCOMMON,Areas along streams and lakes.,,,,,,,,
M0018,Mammalia,Chiroptera,Vespertilionidae,Myotis septentrionalis,Northern Myotis,35,334,UNKNOWN,RARE,UNKNOWN,,,,,,UNKNOWN,,,,,Woods and wooded streams.,,,,,,,,
M0019,Mammalia,Chiroptera,Vespertilionidae,Myotis thysanodes,Fringed Myotis,30,336,,,,,,COMMON,UNKNOWN,UNKNOWN,,,,,,"Oak pinyon, and juniper forests; desert scrub",,,,,,,,
M0020,Mammalia,Chiroptera,Vespertilionidae,Myotis velifer,Cave Myotis,39,337,,,,,,,,UNKNOWN,,,,,,Arid Southwest.,,,,,,,,
M0021,Mammalia,Chiroptera,Vespertilionidae,Myotis volans,Long-Legged Myotis,40,338,,,,UNCOMMON/COMMON,UNKNOWN,,,,,,RARE / UNCOMMON,UNKNOWN,UNCOMMON,Mainly coniferous forests.,,,,,,,,
M0022,Mammalia,Chiroptera,Vespertilionidae,Myotis yumanensis,Yuma Myotis,41 42,338,,,,,,,UNKNOWN,,,,COMMON / COMMON,UNKNOWN,COMMON,"Areas near ponds, streams, or lakes.",,,,,,,,
M0023,Mammalia,Chiroptera,Vespertilionidae,Lasiurus blossevillii,Western Red Bat,,339,,,,,,,UNKNOWN,,,,,,UNCOMMON,Trees and forest edges.,,,,,,,,
M0024,Mammalia,Chiroptera,Vespertilionidae,Lasiurus borealis,Eastern Red Bat,43 44,340,UNCOMMON,COMMON,OCCASIONAL,,,,,,UNKNOWN,,,,,Forests and forest edges.,,,,,,,,
M0025,Mammalia,Chiroptera,Vespertilionidae,Lasiurus cinereus,Hoary Bat,45 46,341,UNCOMMON,UNCOMMON,UNKNOWN,UNCOMMON,UNKNOWN,UNKNOWN,UNKNOWN,UNKNOWN,UNKNOWN,,RARE / UNCOMMON,UNKNOWN,UNCOMMON,Both deciduous and coniferous forests.,,,,,,,,
M0026,Mammalia,Chiroptera,Vespertilionidae,Lasionycteris noctivagans,Silver-Haired Bat,49,345,COMMON,UNCOMMON,UNKNOWN,COMMON,UNKNOWN,,,,UNKNOWN,,COMMON / UNCOMMON,UNKNOWN,UNCOMMON,"Both deciduous and coniferous forests. In summer, roosts in protected spots such as under bark on in dead trees. In winter, hibernates in trees, crevices, buildings, and other protected places.",,,,,,,,
M0027,Mammalia,Chiroptera,Vespertilionidae,Eptesicus fuscus,Big Brown Bat,53,348,UNCOMMON,UNCOMMON,UNCOMMON,UNCOMMON/COMMON,COMMON,UNKNOWN,UNKNOWN,UNKNOWN,UNKNOWN,,COMMON / UNCOMMON,UNKNOWN,COMMON,"Variety of habitats, such as cities, parks, and forests. In summer, roosts in buildings and sometimes hollow trees. In winter, mainly in buildings, less frequently in caves.",,,,,,,,
M0028,Mammalia,Chiroptera,Vespertilionidae,Corynorhinus rafinesquii,Rafinesques Big-Eared Bat,56,352,,UNCOMMON,,,,,,,,,,,,Forested regions. Often roosts in buildings.,,,,,,,,
M0029,Mammalia,Chiroptera,Vespertilionidae,Plecotus townsendii,Townsend's Big-Eared Bat,57 58,353,,,,RARE,,UNKNOWN,UNKNOWN,UNKNOWN,,,UNKNOWN / UNCOMMON,UNKNOWN,UNCOMMON,"In West, scrub deserts and pine and pinon-juniper forests. Usually roosts in caves, sometimes in buildings, especially on West Coast.",,,,,,,,
M0030,Mammalia,Chiroptera,Vespertilionidae,Antrozous pallidus,Pallid Bat,60,354,,,,,,UNKNOWN,UNKNOWN,UNKNOWN,,,,UNKNOWN,COMMON,Deserts and canyons.,,,,,,,,
M0031,Mammalia,Chiroptera,Vespertilionidae,Tadarida brasiliensis,Brazilian Free-Tailed Bat,62,356,,,,,,,UNKNOWN,UNKNOWN,,,,,,Deserts and canyons.,,,,,,,,
M0032,Mammalia,Chiroptera,Vespertilionidae,Eumops perotis,Western Mastiff Bat,63,361,,,,,,UNKNOWN,UNKNOWN,,,,,,,Rocky cliffs and canyon areas.,,,,,,,,
M0033,Mammalia,Cetacea,Delphinidae,Tursiops truncatus,Bottlenose Dolphin, ,514 Peterson,,,,,,,,,,COMMON,,,,"Coastal, shelf, and offshore waters. This species will enter bays, estuaries, and shallow water.",,,,,,,,
M0034,Mammalia,Cetacea,Delphinidae,Lagenorhynchus acutus,Atlantic White-Sided Dolphin,,521 Peterson,,,COMMON,,,,,,,,,,,Continental shelf and offshore waters. May move inshore in summer and offshore in winter.,,,,,,,,
M0035,Mammalia,Cetacea,Delphinidae,Lagenorhynchus obliquidens,Pacific White-Sided Dolphin,,521 Peterson,,,,,,,,,,,COMMON,OCCASIONAL,,Cold temperate continental shelft and offshore waters.,,,,,,,,
M0036,Mammalia,Cetacea,Delphinidae,Orcinus orca,Killer Whale,,524 Peterson,,,UNKNOWN,,,,,,,,UNKNOWN,OCCASIONAL,,Widely distributed in coastal and offshore waters.,,,,,,,,
M0037,Mammalia,Cetacea,Delphinidae,Globicephala melas,Long-Finned Pilot Whale,,526 Peterson,,,ABUNDANT,,,,,,,,,,,Cool temperate waters of the continental shelf and slope.,,,,,,,,
M0038,Mammalia,Cetacea,Phocoenidae,Phocoena phocoena,Harbor Porpoise,,527 Peterson,,,COMMON,,,,,,,,COMMON,COMMON,,Coast coastal waters.,,,,,,,,
M0039,Mammalia,Cetacea,Phocoenidae,Phocoenoides dalli,Dall Porpoise,,527 Peterson,,,,,,,,,,,,OCCASIONAL,,Coastal and offshore waters.,,,,,,,,
M0040,Mammalia,Cetacea,Eschrichtiidae,Eschrichtius robustus,Gray Whale,,540 Peterson,,,,,,,,,,,UNKNOWN,COMMON,,Coastal waters.,,,,,,,,
M0041,Mammalia,Cetacea,Balaenopteridae,Balaenoptera musculus,Blue Whale,,542 Peterson,,,UNKNOWN,,,,,,,,UNKNOWN,OCCASIONAL,,"All oceans, often on the edge of continetal shelves but also in deep water and in shallow inshore water.",,,,,,,,
M0042,Mammalia,Cetacea,Balaenopteridae,Balaenoptera physalus,Fin Whale,,543 Peterson,,,UNKNOWN,,,,,,,,UNKNOWN,OCCASIONAL,,Favors continental shelf waters (but also found in coastal and offshore waters) at temperate and cold latitues; less common in tropical waters.,,,,,,,,
M0043,Mammalia,Cetacea,Balaenopteridae,Balaenoptera borealis,Sei Whale,,544 Peterson,,,UNKNOWN,,,,,,,,UNKNOWN,OCCASIONAL,,Temperate coastal and offshore waters.,,,,,,,,
M0044,Mammalia,Cetacea,Balaenopteridae,Balaenoptera acutorostrata,Minke Whale,,545 Peterson,,,UNKNOWN,,,,,,,,UNKNOWN,OCCASIONAL,,Coastal and offshore waters.,,,,,,,,
M0045,Mammalia,Cetacea,Balaenopteridae,Megaptera novaeangliae,Humpback Whale,,546 Peterson,,,UNKNOWN,,,,,,,,UNKNOWN,RARE,,In winter and summer found in coastal areas or near islands.,,,,,,,,
M0046,Mammalia,Sirenia,Trichechidae,Trichechus manatus,Manatee,366 367,807,,,,,,,,,,COMMON,,,,"Shallow coastal waters, bays, rivers, and lakes.",,,,,,,,
M0047,Mammalia,Lagomorpha,Ochotonidae,Ochotona princeps,American Pika,139 140,376,,,,COMMON,COMMON,,,,,,COMMON / N,,UNCOMMON,"Talus slides; rocky banks; steep, boulder-covered hillsides; usually at elevations of 8000 - 13500 ft.",,,,,,,,
M0048,Mammalia,Lagomorpha,Leporidae,Sylvilagus audubonii,Desert Cottontail,206 207,381,,,,,,COMMON,UNKNOWN,UNKNOWN,,,,,,Grasslands to creosote brush and deserts.,,,,,,,,
M0049,Mammalia,Lagomorpha,Leporidae,Sylvilagus floridanus,Eastern Cottontail,204 205,383,COMMON,COMMON,,,,,,,,RARE,,,,"Brushy areas, old fields, and woods.",,,,,,,,
M0050,Mammalia,Lagomorpha,Leporidae,Sylvilagus nuttallii,Mountain Cottontail,203,385,,,,COMMON,,,,,,,,,,"Rocky wooded or brushy areas, often with sagebrush.",,,,,,,,
M0051,Mammalia,Lagomorpha,Leporidae,Lepus americanus,Snowshoe Hare,208 208,391,COMMON,,COMMON,COMMON,COMMON,,,,COMMON,,UNCOMMON / N,,,Northern forests.,,,,,,,,
M0052,Mammalia,Lagomorpha,Leporidae,Lepus californicus,Black-Tailed Jackrabbit,213,395,,,,,,ABUNDANT,UNKNOWN,UNKNOWN,,,,,,"Barren areas, prairie, meadows.",,,,,,,,
M0053,Mammalia,Lagomorpha,Leporidae,Lepus townsendii,White-Tailed Jackrabbit,214 215,400,,,,UNKNOWN,,,,,,,,,UNCOMMON,"Barren, grazed lands.",,,,,,,,
M0054,Mammalia,Rodentia,Sciuridae,Tamias amoenus,Yellow-Pine Chipmunk,148,414,,,,COMMON,ABUNDANT,,,,,,UNCOMMON / N,,,"Brush-covered areas in coniferous forests, particularly yellow pine.",,,,,,,,
M0055,Mammalia,Rodentia,Sciuridae,Tamias minimus,Least Chipmunk,152,420,,,,ABUNDANT/COMMON,,,UNKNOWN,,,,UNKNOWN / N,,,"Piney woods, rocky cliffs, and sagebrush deserts; often abundant in open coniferous forest.",,,,,,,,
M0056,Mammalia,Rodentia,Sciuridae,Tamias striatus,Eastern Chipmunk,158 159,434,COMMON,COMMON,ABUNDANT,,,,,,UNKNOWN,,,,,"Open deciduous woodlands, foest edges, brushy areas, bushes and stone walls.",,,,,,,,
M0057,Mammalia,Rodentia,Sciuridae,Tamias townsendii,Townsends Chipmunk,,436,,,,,,,,,,,COMMON / N,UNKNOWN,,"Rank vegetation, usually among dense hardwood or humid coniferous forest.",,,,,,,,
M0058,Mammalia,Rodentia,Sciuridae,Ammospermophilus leucurus,White-Tailed Antelope Squirrel,161,449,,,,,,ABUNDANT,UNCOMMON,,,,,,,"Deserts and foothills, from valley floor  to juniper belt; hard, gravelly surfaces. Associated with sage, greasewood, shad scale, and creosote bush.",,,,,,,,
M0059,Mammalia,Rodentia,Sciuridae,Spermophilus beecheyi,California Ground Squirrel,165,454,,,,,,,,,,,,COMMON,COMMON,"Open areas, including rocky outcrops, fields, pastures, and sparsely wooded hillsides.",,,,,,,,
M0060,Mammalia,Rodentia,Sciuridae,Spermophilus lateralis,Golden-Mantled Ground Squirrel,170 171,462,,,,COMMON,COMMON,,,,,,UNCOMMON / N,,COMMON,Moist coniferous or mixed forest; in mountains to above timberline; sometimes in sagebrush country or rocky meadows.,,,,,,,,
M0061,Mammalia,Rodentia,Sciuridae,Spermophilus tereticaudus,Round-tailed Ground Squirrel,178 179,469,,,,,,COMMON,,UNKNOWN,,,,,,"Flat, sandy desert areas; creosote scrub.",,,,,,,,
M0062,Mammalia,Rodentia,Sciuridae,Spermophilus variegatus,Rock Squirrel,180,474,,,,,,,UNCOMMON,UNKNOWN,,,,,,"Nearly always associated with rocky locales such as cliffs, canyon walls, talus slopes, boulder piles, and hills along highways; oak-juniper growth in canyons.",,,,,,,,
M0063,Mammalia,Rodentia,Sciuridae,Sciurus carolinensis,Eastern Grey Squirrel,184 185,487,OCCASIONAL,COMNM,COMMON,,,,,,,,,,,"Hardwood or mixed forests with nut trees, especially oak-hickory forests.",,,,,,,,
M0064,Mammalia,Rodentia,Sciuridae,Sciurus griseus,Western Grey Squirrel,186,490,,,,,,,,,,,UNCOMMON / N,UNCOMMON,COMMON,Woodlands,,,,,,,,
M0065,Mammalia,Rodentia,Sciuridae,Sciurus niger,Eastern Fox Squirrel,182 183,492,COMMON,RARE,,,,,,,,RARE,,,,"Woods, particularly oak-hickory; in the South, live oak and mixed forests, cypress and mangrove swamps, piney areas.",,,,,,,,
M0066,Mammalia,Rodentia,Sciuridae,Tamiasciurus douglasii,Douglas Squirrel,188 189,494,,,,,,,,,,,COMMON / COMMON,COMMON,COMMON,Primarily coniferous forests.,,,,,,,,
M0067,Mammalia,Rodentia,Sciuridae,Tamiasciurus hudsonicus,Red Squirrel,190 191,496,COMMON,COMMON,COMMON,ABUNDANT/COMMON,ABUNDANT,,,,,,UNCOMMON / N,,,"Often abundant in any kind of forest: natural coniferous forests, pine plantations, mixed, or hardwood forests.",,,,,,,,
M0068,Mammalia,Rodentia,Sciuridae,Glaucomys sabrinus,Northern Flying Squirrel,192 193,498,UNCOMMON,,COMMON,UNCOMMON,UNCOMMON,,,,,,RARE / N,COMMON,COMMON,Coniferous and mixed forests; may occur in hardwoods where old or dead trees have numerous woodpecker-type nesting holes.,,,,,,,,
M0069,Mammalia,Rodentia,Sciuridae,Glaucomys volans,Southern Flying Squirrel,194 195,500,UNKNOWN,COMMON,,,,,,,,,,,,"Various deciduous forests such as beech-maple, oak-hickory.",,,,,,,,
M0070,Mammalia,Rodentia,Sciuridae,Spermophilus columbianus,Columbian Ground squirrel,,458,,,,,COMMON,,,,,,RARE / N,,,"Variable; alpine meadows, brushy areas, and arid grasslands.",,,,,,,,
M0071,Mammalia,Rodentia,Sciuridae,Spermophilus armatus,Uinta Squirrel,,453,,,,ABUNDANT,,,,,,,,,,Dry sage and sagegrass.,,,,,,,,
M0072,Mammalia,Rodentia,Sciuridae,Neotamias umbrinus,Uinta Chipmunk,,437,,,,COMMON/N,,,UNCOMMON,,,,,,,"Coniferous forests, mixed woods, open areas; dwells in yellow pine, white pine, juniper, and scrub oak.",,,,,,,,
M0073,Mammalia,Rodentia,Sciuridae,Marmota flaviventris,Yellow-Bellied Marmot,227,440,,,,COMMON,RARE,,,,,,,,COMMON,"Rocky areas, talus slopes, valleys, and foothills to elevations of 11000ft.",,,,,,,,
M0074,Mammalia,Rodentia,Sciuridae,Marmota caligata,Hoary Marmot,226,439,,,,,COMMON,,,,,,COMMON / COMMON,,,"Talus slopes in mountains, alpine meadows, and cliffs.",,,,,,,,
M0075,Mammalia,Rodentia,Sciuridae,Marmota monax,Woodchuck,225,441,UNCOMMON,,COMMON,,,,,,,,,,,"Meadows, old fields, and wooded areas.",,,,,,,,
M0076,Mammalia,Rodentia,Geomyidae,Thomomys bottae,Bottas Pocket Gopher,141,505,,,,,,COMMON,UNCOMMON,UNKNOWN,,,,COMMON,COMMON,"Varies; deserts to mountain meadows, in soils ranging from sand to clay, with loan preferred.",,,,,,,,
M0077,Mammalia,Rodentia,Geomyidae,Thomomys talpoides,Northern Pocket Gopher,143 144,510,,,,COMMON,COMMON,,,,,,UNKNOWN / UNCOMMON ,,,Most often in good soil in meadows or along streams; most often in mountains but also in lowlands.,,,,,,,,
M0078,Mammalia,Rodentia,Heteromyidae,Perognathus amplus,Arizona Pocket Mouse,65,527,,,,,,,,UNKNOWN,,,,,,"Desert scrub; in greasewood, rabbit bush, ephedra, and shortgrass; sometimes in short junipers and in creosote bush flats.",,,,,,,,
M0079,Mammalia,Rodentia,Heteromyidae,Chaetodipus penicillatus,Desert Pocket Mouse,72,542,,,,,,ABUNDANT,,UNKNOWN,,,,,,"Sandy deserts, among cactus or mesquite, especially along streambeds or washes.",,,,,,,,
M0080,Mammalia,Rodentia,Heteromyidae,Chaetodipus fallax,San Diego Pocket Mouse,71,537,,,,,,ABUNDANT,,,,,,,,"Dry, open, sandy weedy lowland areas.",,,,,,,,
M0081,Mammalia,Rodentia,Heteromyidae,Perognathus longimembris,Little PocketMouse,74,531,,,,,,ABUNDANT,,,,,,,,"Gravelly soils in desert areas, often in rolling terrain or in areas with ravines or rock outcroppings. Associated plants are rabbitbrush, tumble mustard, blackbrush, sand sagebrush, Mormon tea, and yucca.",,,,,,,,
M0082,Mammalia,Rodentia,Heteromyidae,Dipodomys deserti,Desert Kangaroo Rat,102,548,,,,,,UNCOMMON,UNKNOWN,,,,,,,"Areas of soft sand, such as dunes; creosote bush or shad scale shrub.",,,,,,,,
M0083,Mammalia,Rodentia,Heteromyidae,Dipodomys merriami,Merriams Kangaroo Rat,105,555,,,,,,COMMON,UNCOMMON,UNKNOWN,,,,,,"Sagebrush, shad scale, and creosote bush desert scrubs, in a great variety of soil types.",,,,,,,,
M0084,Mammalia,Rodentia,Heteromyidae,Dipodomys spectabilis,Banner-Tailed Kangaroo Rat,109,562,,,,,,,,UNKNOWN,,,,,,"Desert grasslands with scattered shrubs. Scrub or brush-covered slopes, often with creosote bush or acacia on hard or gravelly soil.",,,,,,,,
M0085,Mammalia,Rodentia,Castoridae,Castor canadensis,American Beaver,220 - 223,568,COMMON,UNCOMMON,COMMON,UNCOMMON/COMMON,UNCOMMON,,,,COMMON,,RARE / UNCOMMON,UNCOMMON,,"Rivers, streams, marshes, lakes, and ponds.",,,,,,,,
M0086,Mammalia,Rodentia,Cricetidae,Reithrodontomys megalotis,Western Harvest Mouse,77,580,,,,,,UNKNOWN,UNCOMMON,UNKNOWN,,,,,RARE,"Early-stage dry weedy or grassy areas. Also deserts, salt marshes, and pine-oak forests.",,,,,,,,
M0087,Mammalia,Rodentia,Cricetidae,Peromyscus boylii,Brush Mouse,80,584,,,,,,UNCOMMON,UNCOMMON,UNKNOWN,,,,,,"Arid to semiarid brushland, especially in rocky areas; abundant at times in oaks, junipers, and pinons.",,,,,,,,
M0088,Mammalia,Rodentia,Cricetidae,Peromyscus eremicus,Cactus Mouse,82,587,,,,,,COMMON,UNCOMMON,UNKNOWN,,,,,,"Deserts, especially rocky outcroppings with cactus or yucca stands.",,,,,,,,
M0089,Mammalia,Rodentia,Cricetidae,Peromyscus leucopus,White-Footed Mouse,84,590,COMMON,UNCOMMON,COMMON,,,,,,,,,,,"Primarily wooded and brushy areas, but also many cultivated and open habitats, especially adjacent to woods.",,,,,,,,
M0090,Mammalia,Rodentia,Cricetidae,Peromyscus maniculatus,Deer Mouse,85,591,COMMON,UNKNOWN,ABUNDANT,ABUNDANT,ABUNDANT,COMMON,UNCOMMON,UNKNOWN,COMMON,,,COMMON,ABUNDANT,"Exceedingly variable: prairies and other grasslands, brushy areas, woodlands.",,,,,,,,
M0091,Mammalia,Rodentia,Cricetidae,Peromyscus truei,Pinon Mouse,87,598,,,,,,COMMON,UNCOMMON,,,,,,,"Pinon and juniper areas, preferably rocky cliffs and hillsides with ample brush.",,,,,,,,
M0092,Mammalia,Rodentia,Cricetidae,Onychomys torridus,Southern Grasshopper Mouse,96,605,,,,,,COMMON,UNCOMMON,UNKNOWN,,,,,,"Low desert with creosote bush, mesquite, and yucca.",,,,,,,,
M0093,Mammalia,Rodentia,Cricetidae,Neotoma albigula,White Throated Woodrat,111,609,,,,,,COMMON,UNKNOWN,UNKNOWN,,,,,,"Variable; often in arid situations, such as brushlands of dry plains and deserts. Often associated with prickly pear cactus and pinon-juniper; also dead trees.",,,,,,,,
M0094,Mammalia,Rodentia,Cricetidae,Neotoma cinerea,Bushy-Tailed Woodrat,112,611,,,,COMMON,UNCOMMON,,UNCOMMON,,,,UNCOMMON / UNCOMMON,COMMON,UNCOMMON,Rocky situations; coniferous forests.,,,,,,,,
M0095,Mammalia,Rodentia,Cricetidae,Neotoma lepida,Desert Woodrat,115 116,615,,,,,,ABUNDANT,UNCOMMON,,,,,,,Desert; pinon-juniper areas.,,,,,,,,
M0096,Mammalia,Rodentia,Cricetidae,Phenacomys longicaudus,Red Tree Vole,,629,,,,,,,,,,,,UNKNOWN,,Redwood forests.,,,,,,,,
M0097,Mammalia,Rodentia,Cricetidae,Microtus californicus,California Vole,123 124,630,,,,,,,,,,,,COMMON,COMMON,Grassy meadows from sea level to mountains.,,,,,,,,
M0098,Mammalia,Rodentia,Cricetidae,Microtus oregoni,Creeping Vole,,639,,,,,,,,,,,UNCOMMON / COMMON,UNKNOWN,,"Coniferous forests, but clear-cut and grassy areas support more individuals; brushy and grassy areas, usually on drier upland slopes.",,,,,,,,
M0099,Mammalia,Rodentia,Cricetidae,Microtus longicaudus,Long-Tailed Vole,125 126,633,,,,COMMON/ABUNDANT,UNCOMMON,,,,,,RARE / UNCOMMON,,COMMON,"Dry grassy areas far from water, mountain slopes, and alder and willow-sedge areas.",,,,,,,,
M0100,Mammalia,Rodentia,Cricetidae,Microtus montanus,Montane Vole,127,636,,,,ABUNDANT,,,,,,,,,COMMON,"High mountain meadows; valleys associated with dry, grassy areas.",,,,,,,,
M0101,Mammalia,Rodentia,Cricetidae,Clethrionomys gapperi,Southern Red-Backed Vole,121,625,COMMON,COMMON,COMMON,ABUNDANT/COMMON,COMMON,,,,UNKNOWN,,UNCOMMON / N,,,"Cool, damp forests; bogs & swamps.",,,,,,,,
M0102,Mammalia,Rodentia,Cricetidae,Microtus pennsylvanicus,Meadow Vole,131,640,COMMON,,,ABUNDANT,ABUNDANT,,,,,,,,,"Lush, grassy fields; also marshes, swamps, woodland glades, and mountaintops.",,,,,,,,
M0103,Mammalia,Rodentia,Cricetidae,Microtus pinetorum,Woodland Vole,132,642,UNKNOWN,UNCOMMON,,,,,,,,,,,,Deciduous woodlands with thick leaf mold or thick herbaceous ground cover; sometimes park-like grassy areas.,,,,,,,,
M0104,Mammalia,Rodentia,Cricetidae,Microtus richardsoni,Water Vole,,643,,,,UNCOMMON,UNCOMMON,,,,,,UNKNOWN / N,,,"Along alpine and subalpine streams and lakes, especially along clear, swift streams with gravel bottoms.",,,,,,,,
M0105,Mammalia,Rodentia,Cricetidae,Ondatra zibethicus,Common Muskrat,216 217,649,UNKNOWN,COMMON,UNKNOWN,COMMON,RARE,,,,UNCOMMON,,UNKNOWN / UNCOMMON,,,"Fresh, brackish, or saltwater marshes, ponds, lakes, rivers, and canals.",,,,,,,,
M0106,Mammalia,Rodentia,Cricetidae,Synaptomys cooperi,Southern Bog Lemming,136,654,UNKNOWN,UNCOMMON,RARE,,,,,,,,,,,Grassy meadows; sometimes ne forests; often dry broom sedge; seldom bogs.,,,,,,,,
M0107,Mammalia,Rodentia,Dipodidae,Zapus hudsonius,Meadow Jumping Mouse,90,666,UNKNOWN,RARE,UNCOMMON,,,,,,,,,,,"Mainly moist fields, but also brush, brushy fields, marshes, stand of touch-me-not, and woods with thick vegetation.",,,,,,,,
M0108,Mammalia,Rodentia,Dipodidae,Zapus princeps,Western Jumping Mouse,91,668,,,,UNCOMMON,UNCOMMON,,,,,,,,COMMON,"Variable; primarily moist fields, thickets, and woodlands, especially where grasses, sedges, or other green plant cover is dense; grassy edges of streams, ponds, and lakes.",,,,,,,,
M0109,Mammalia,Rodentia,Dipodidae,Zapus trinotatus,Pacific Jumping Mouse,,669,,,,,,,,,,,UNKNOWN / COMMON,UNKNOWN,,"Variable; primarily moist fields, thickets, and woodlands, especially where grasses, sedges, or other green plant cover is dense; grassy edges of streams, ponds, and lakes.",,,,,,,,
M0110,Mammalia,Rodentia,Erethizontidae,Erethizon dorsatum,Common Porcupine,230 231,672,COMMON,,COMMON,COMMON,COMMON,,UNCOMMON,,,,UNCOMMON / UNKNOWN,UNCOMMON,UNCOMMON,"Deciduous, coniferous, and mixed forests; also in West, dry scrubby areas with scattered trees.",,,,,,,,
M0111,Mammalia,Carnivora,Canidae,Canis latrans,Coyote,208 281 282 284,684,COMMON,COMMON,COMMON,ABUNDANT,UNCOMMON,COMMON,UNKNOWN,UNKNOWN,,RARE,RARE / COMMON,UNCOMMON,UNCOMMON ,"Open plains, brushy areas.",,,,,,,,
M0112,Mammalia,Carnivora,Canidae,Canis lupus,Gray Wolf,285 - 289,687,,,,COMMON/UNCOMMON,RARE,,,,UNCOMMON,,,,,Open tundra and forests.,,,,,,,,
M0113,Mammalia,Carnivora,Canidae,Vulpes velox,Kit Fox,292 293,695,,,,,,UNCOMMON,,UNKNOWN,,,,,,Shortgrass prairies and other arid areas.,,,,,,,,
M0114,Mammalia,Carnivora,Canidae,Vulpes vulpes,Red Fox,294 295,696,COMMON,UNCOMMON,COMMON,COMMON/UNCOMMON,RARE,,UNKNOWN,,COMMON,UNKNOWN,UNKNOWN / OCCASIONAL,UNCOMMON,,"Varied; mixed cultivated and wooded areas, brushlands.",,,,,,,,
M0115,Mammalia,Carnivora,Canidae,Urocyon cinereoargenteus,Common Gray Fox,296 297,699,UNKNOWN,COMMON,,,,COMMON,UNKNOWN,UNKNOWN,,RARE,,COMMON,COMMON,Varied; more often in wodded and brushy habitats.,,,,,,,,
M0116,Mammalia,Carnivora,Ursidae,Ursus americanus,Black Bear,336 - 339,703,RARE,COMMON,OCCASIONAL,COMMON,UNCOMMON,OCCASIONAL,UNKNOWN,UNKNOWN,,UNKNOWN,COMMON / COMMON,COMMON,COMMON,"In East, primarily forests and swamps; In West, forests and wooded mountains seldom higher than 7000ft.",,,,,,,,
M0117,Mammalia,Carnivora,Ursidae,Ursus arctos,Grizzly Bear,340 - 344,706,,,,COMMON,UNCOMMON,,,,,,OCCASIONAL / N,,,"Somewhat open countyry, usually in mountainous areas; also along coasts and rivers.",,,,,,,,
M0118,Mammalia,Carnivora,Otariidae,Eumetopias jubatus,Northern Sea Lion,352,716,,,,,,,,,,,UNKNOWN / UNCOMMON,COMMON,,Rocky shores and coastal waters along them.,,,,,,,,
M0119,Mammalia,Carnivora,Otariidae,Zalophus californianus,California Sea Lion,350 351,719,,,,,,,,,,,UNKNOWN / UNCOMMON,COMMON,,USually islands: sandy or rocky beaches; occasionally caves protected by cliffs.,,,,,,,,
M0120,Mammalia,Carnivora,Phocidae,Phoca vitulina,Harbor Seal,358,728,,,UNKNOWN,,,,,,,,UNKNOWN / COMMON,COMMON,,"Coastal waters, mouths of rivers, beaches, and rocky shores.",,,,,,,,
M0121,Mammalia,Carnivora,Phocidae,Halichoerus grypus,Gray Seal,364,732,,,UNKNOWN,,,,,,,,,,,Waters along rocky coasts and islands.,,,,,,,,
M0122,Mammalia,Carnivora,Procyonidae,Bassariscus astutus,Ringtail,243,745,,,,,,UNCOMMON,UNKNOWN,UNKNOWN,,,,UNCOMMON,COMMON,"Varies; usually rocky situations, such as jumbles of boulders, canyons, talus slopes, and rock piles; less commonly wooded areas with hollow trees; sometimes around buildings.",,,,,,,,
M0123,Mammalia,Carnivora,Procyonidae,Procyon lotor,Common Raccoon,239 - 242,747,COMMON,COMMON,COMMON,UNCOMMON,OCCASIONAL,,UNKNOWN,UNKNOWN,,COMMON,UNKNOWN / COMMON,COMMON,COMMON,Various wooded and wetland habitats; common along wooded streams. Often found in cities and suburbs as well as in rural areas.,,,,,,,,
M0124,Mammalia,Carnivora,Procyonidae,Nasua narica,White-Nosed Coati,244,751,,,,,,,,UNKNOWN,,,,,,"Mountain forests, usually near water; also rocky, wooded canyons.",,,,,,,,
M0125,Mammalia,Carnivora,Mustelidae,Martes americana,American Marten,251,755,UNKNOWN,,,UNCOMMON,UNCOMMON,,,,UNKNOWN,,COMMON / UNKNOWN,,UNCOMMON,"Forests, primarily coniferous, with numerous dead trees, branches, and leaves that provide cover for rodents.",,,,,,,,
M0126,Mammalia,Carnivora,Mustelidae,Martes pennanti,Fisher,252,757,,,RARE,,RARE,,,,,,UNKNOWN / UNCOMMON,,UNCOMMON,"Mature, dense, coniferous or mixed coniferous-hardwood forest with closed canopy.",,,,,,,,
M0127,Mammalia,Carnivora,Mustelidae,Mustela erminea,Short-Tailed Weasel Ermine,245,759,UNKNOWN,,UNCOMMON,COMMON,COMMON,,,,UNCOMMON,,UNKNOWN / N,UNKNOWN,NCOM,"Varies; open woodland, brushy areas, grasslands, wetlands.",,,,,,,,
M0128,Mammalia,Carnivora,Mustelidae,Mustela frenata,Long-Tailed Weasel,247 248,761,UNKNOWN,COMMON,UNCOMMON,COMMON,UNCOMMON,,,,UNKNOWN,,UNKNOWN / UNCOMMON,UNKNOWN,UNCOMMON,"Varies; forested, brushy, and open areas, preferably near water.",,,,,,,,
M0129,Mammalia,Carnivora,Mustelidae,Mustela vison,Mink,250,768,UNKNOWN,UNCOMMON,UNCOMMON,COMMON,UNCOMMON,,,,OCCASIONAL,RARE,UNKNOWN / COMMON,UNCOMMON,RARE,"Along rivers, creeks, lakes, ponds, and marshes.",,,,,,,,
M0130,Mammalia,Carnivora,Mustelidae,Gulo gulo,Wolverine,257,770,,,,RARE,RARE,,,,,,RARE / N,,RARE,Forest and tundra.,,,,,,,,
M0131,Mammalia,Carnivora,Mustelidae,Taxidea taxus,American Badger,258,772,RARE,,,COMMON,RARE,UNCOMMON,UNKNOWN,UNKNOWN,,,,,RARE,"Open plains and prairies, farmland, and sometimes edges of woods.",,,,,,,,
M0132,Mammalia,Carnivora,Mephitidae,Spilogale gracilis,Western Spotted Skunk,253,775,,,,,,RARE,UNKNOWN,,,,COMMON / N,N?,N?,"Mixed woodlands and open areas, scrub.",,,,,,,,
M0133,Mammalia,Carnivora,Mephitidae,Mephitis mephitis,Striped Skunk,254,778,COMMON,COMMON,,RARE/COMMON,UNCOMMON,,UNKNOWN,UNKNOWN,UNKNOWN,RARE,UNCOMMON / UNCOMMON,COMMON,COMMON,"Desert, woodlands, grassy plains.",,,,,,,,
M0134,Mammalia,Carnivora,Mephitidae,Spilogale putorius,Eastern spotted skunk,,776,,RARE,,,,,,,,UNKNOWN,,,,"Mixed woodlands and open areas, scrub.",,,,,,,,
M0135,Mammalia,Carnivora,Mephitidae,Conepatus mesoleucus,Common Hog-Nosed Skunk,256,781,,,,,,,,UNKNOWN,,,,,,Foothills and brushy areas.,,,,,,,,
M0136,Mammalia,Carnivora,Mustelidae,Lutra canadensis,Northern River Otter,259 260,782,UNKNOWN,UNCOMMON,COMMON,UNCOMMON,RARE,,,,UNKNOWN,UNCOMMON,UNCOMMON / UNCOMMON,UNCOMMON,UNCOMMON,"Primarily along rivers, ponds, and lakes in wooded areas, but otters will roam far from water.",,,,,,,,
M0137,Mammalia,Carnivora,Mustelidae,Enhydra lutris,Sea Otter,261 262,785,,,,,,,,,,,N / COMMON,,,Coastal waters within a mile of shore; especialyl rocky shallows with kelp beds and abundant shellfish.,,,,,,,,
M0138,Mammalia,Carnivora,Felidae,Felis concolor,Cougar Mountain Lion Puma Catamount,263 - 266,790,,,,UNCOMMON,UNCOMMON,UNCOMMON,,UNKNOWN,,UNKNOWN,UNCOMMON / COMMON,UNCOMMON,UNCOMMON,"Mountainous, semi-arid terrain; subtropical and tropical forests and swamps.",,,,,,,,
M0139,Mammalia,Carnivora,Felidae,Felis pardalis,Ocelot,268,794,,,,,,,,UNKNOWN,,,,,,Forested or brushy areas and dense chaparral.,,,,,,,,
M0140,Mammalia,Carnivora,Felidae,Lynx canadensis,Lynx,271 - 275,799,UNKNOWN,,,RARE,RARE,,,,,,,,,"Deep, coniferous forest interspersed with rocky areas, bogs, swamps, or thickets.",,,,,,,,
M0141,Mammalia,Carnivora,Felidae,Lynx rufus,Bobcat,276 - 279,801,UNCOMMON,COMMON,UNKNOWN,UNCOMMON,OCCASIONAL,COMMON,UNKNOWN,UNKNOWN,,COMMON,RARE / COMMON,COMMON,UNCOMMON,"Primarily scrubby country or broken forests - hardwood, coniferous, or mixed; also swamps and rocky or brushy arid lands.",,,,,,,,
M0142,Mammalia,Artiodactyla,Suidae,Sus scrofa,Wild Boar,298,816,,COMMON,,,,,,,,RARE,,,,"Variable: desnly forested mountain terrain, brushlands, dry ridges, and swamps.",,,,,,,,
M0143,Mammalia,Artiodactyla,Cervidae,Cervus elaphus,Elk,315 316 317,826,,UNCOMMON,,ABUNDANT,ABUNDANT,,,,,,RARE / ABUNDANT,UNKNOWN,,"Variable: in summer, chiefly high, open mountain pastures; in winter, lower wooded slopes, often dense in woods.",,,,,,,,
M0144,Mammalia,Artiodactyla,Cervidae,Odocoileus hemionus,Mule Deer,309 310,832,,,,ABUNDANT/COMMON,UNCOMMON,UNCOMMON,UNKNOWN,UNKNOWN,,,N / UNKNOWN,UNKNOWN,COMMON,"Mixed habitats: forest edges, mountains, and foothills.",,,,,,,,
M0145,Mammalia,Artiodactyla,Cervidae,Odocoileus virginianus,White-Tailed Deer,304 305 306,834,COMMON,COMMON,ABUNDANT,UNCOMMON,COMMON,,,UNKNOWN,,,,,,"Brushy areas, woods, and suburbs.",,,,,,,,
M0146,Mammalia,Artiodactyla,Cervidae,Alces americanus,Moose,313 314,839,,,RARE,UNCOMMON/COMMON,COMMON,,,,COMMON,,,,,"Spruce forest, swamps, and spend and willow thickets.",,,,,,,,
M0147,Mammalia,Artiodactyla,Antilocapridae,Antilocapra americana,Pronghorn,318 319,846,,,,COMMON,,,UNKNOWN,,,,,,,"Grasslands, also grassy brushlands; and bunchgrass-sagebrush areas.",,,,,,,,
M0148,Mammalia,Artiodactyla,Bovidae,Bison bison,Bison,329 - 333,850,,,,ABUNDANT,,,,,,,,,,"Varied; primarily plains, prairies, and river valleys; sometimes forests.",,,,,,,,
M0149,Mammalia,Artiodactyla,Bovidae,Oreamnos americanus,Mountain Goat,320 - 323,854,,,,UNCOMMON,COMMON,,,,,,UNCOMMON / COMMON,,,"Rocky, mountainous areas above timberline.",,,,,,,,
M0150,Mammalia,Artiodactyla,Bovidae,Ovis canadensis,Bighorn Sheep,326 - 328,859,,,,UNCOMMON,COMMON,,UNKNOWN,,,,UNKNOWN / N,,,"Semi-open precipitous terrain with rocky slopes, ridges, and cliffs or canyons. Grassy vegetation necessary with scattered shrubby plants; water essential in desert regions.",,,,,,,,
